run_id,dataset,model,algo,alpha,seed,n_clients,rounds,local_epochs,batch_size,eval_every,lr,weight_decay,optimizer,max_grad_norm,lora_r,lora_alpha,lora_dropout,fedprox_mu,ditto_lambda,ditto_local_epochs,qfedavg_q,fedavgw_beta,ours_gate_init,ours_warmup_rounds,minority_weight_mult,n_train,max_len,global_eval_n,matched_compute,target_steps,priority,tag,status,error,wall_s,last_round,provenance
agnews_roberta_fedavg_a0.1_s0_epochs_8f8ded6ea2,agnews,roberta,fedavg,0.1,0,10.0,30,1.0,32.0,2.0,5e-05,0.01,adamw,1.0,8.0,32.0,0.1,0.0,1.0,1.0,1.0,0.5,0.5,0.0,1.0,20000.0,128.0,2000.0,epochs,0.0,10,,done,,0.0,30,
agnews_roberta_fedavg_a0.1_s1_epochs_435f9278d9,agnews,roberta,fedavg,0.1,1,10.0,30,1.0,32.0,2.0,5e-05,0.01,adamw,1.0,8.0,32.0,0.1,0.0,1.0,1.0,1.0,0.5,0.5,0.0,1.0,20000.0,128.0,2000.0,epochs,0.0,10,,done,,0.0,30,
agnews_roberta_fedavg_a0.1_s2_epochs_806ebb090b,agnews,roberta,fedavg,0.1,2,10.0,30,1.0,32.0,2.0,5e-05,0.01,adamw,1.0,8.0,32.0,0.1,0.0,1.0,1.0,1.0,0.5,0.5,0.0,1.0,20000.0,128.0,2000.0,epochs,0.0,10,,done,,0.0,30,
agnews_roberta_fedavg_a0.1_s3_epochs_c837b3e26e,agnews,roberta,fedavg,0.1,3,10.0,30,1.0,32.0,2.0,5e-05,0.01,adamw,1.0,8.0,32.0,0.1,0.0,1.0,1.0,1.0,0.5,0.5,0.0,1.0,20000.0,128.0,2000.0,epochs,0.0,10,,done,,0.0,30,
agnews_roberta_fedavg_a0.1_s4_epochs_d4c6a7e593,agnews,roberta,fedavg,0.1,4,10.0,30,1.0,32.0,2.0,5e-05,0.01,adamw,1.0,8.0,32.0,0.1,0.0,1.0,1.0,1.0,0.5,0.5,0.0,1.0,20000.0,128.0,2000.0,epochs,0.0,10,,done,,0.0,30,
agnews_textcnn_fedavg_a0.1_s0_epochs_22ea27f3ee,agnews,textcnn,fedavg,0.1,0,10.0,30,1.0,32.0,2.0,0.001,0.01,adamw,1.0,8.0,32.0,0.1,0.0,1.0,1.0,1.0,0.5,0.5,0.0,1.0,20000.0,128.0,2000.0,epochs,0.0,10,,done,,0.0,30,
agnews_textcnn_fedavg_a0.1_s1_epochs_a535498fb7,agnews,textcnn,fedavg,0.1,1,10.0,30,1.0,32.0,2.0,0.001,0.01,adamw,1.0,8.0,32.0,0.1,0.0,1.0,1.0,1.0,0.5,0.5,0.0,1.0,20000.0,128.0,2000.0,epochs,0.0,10,,done,,0.0,30,
agnews_textcnn_fedavg_a0.1_s2_epochs_9c31dd6554,agnews,textcnn,fedavg,0.1,2,10.0,30,1.0,32.0,2.0,0.001,0.01,adamw,1.0,8.0,32.0,0.1,0.0,1.0,1.0,1.0,0.5,0.5,0.0,1.0,20000.0,128.0,2000.0,epochs,0.0,10,,done,,0.0,30,
agnews_textcnn_fedavg_a0.1_s3_epochs_25298543a3,agnews,textcnn,fedavg,0.1,3,10.0,30,1.0,32.0,2.0,0.001,0.01,adamw,1.0,8.0,32.0,0.1,0.0,1.0,1.0,1.0,0.5,0.5,0.0,1.0,20000.0,128.0,2000.0,epochs,0.0,10,,done,,0.0,30,
agnews_textcnn_fedavg_a0.1_s4_epochs_b80b583760,agnews,textcnn,fedavg,0.1,4,10.0,30,1.0,32.0,2.0,0.001,0.01,adamw,1.0,8.0,32.0,0.1,0.0,1.0,1.0,1.0,0.5,0.5,0.0,1.0,20000.0,128.0,2000.0,epochs,0.0,10,,done,,0.0,30,
pubmed_bertweet_fedavg_a0.1_s0_epochs_12b965de81,pubmed,bertweet,fedavg,0.1,0,10.0,30,1.0,32.0,2.0,5e-05,0.01,adamw,1.0,8.0,32.0,0.1,0.0,1.0,1.0,1.0,0.5,0.5,0.0,1.0,20000.0,128.0,2000.0,epochs,0.0,10,,done,,0.0,30,
pubmed_bertweet_fedavg_a0.1_s1_epochs_8474dabe78,pubmed,bertweet,fedavg,0.1,1,10.0,30,1.0,32.0,2.0,5e-05,0.01,adamw,1.0,8.0,32.0,0.1,0.0,1.0,1.0,1.0,0.5,0.5,0.0,1.0,20000.0,128.0,2000.0,epochs,0.0,10,,done,,0.0,30,
pubmed_bertweet_fedavg_a0.1_s2_epochs_d9db6e38da,pubmed,bertweet,fedavg,0.1,2,10.0,30,1.0,32.0,2.0,5e-05,0.01,adamw,1.0,8.0,32.0,0.1,0.0,1.0,1.0,1.0,0.5,0.5,0.0,1.0,20000.0,128.0,2000.0,epochs,0.0,10,,done,,0.0,30,
pubmed_bertweet_fedavg_a0.1_s3_epochs_d837df870d,pubmed,bertweet,fedavg,0.1,3,10.0,30,1.0,32.0,2.0,5e-05,0.01,adamw,1.0,8.0,32.0,0.1,0.0,1.0,1.0,1.0,0.5,0.5,0.0,1.0,20000.0,128.0,2000.0,epochs,0.0,10,,done,,0.0,30,
pubmed_bertweet_fedavg_a0.1_s4_epochs_2d998bc1bc,pubmed,bertweet,fedavg,0.1,4,10.0,30,1.0,32.0,2.0,5e-05,0.01,adamw,1.0,8.0,32.0,0.1,0.0,1.0,1.0,1.0,0.5,0.5,0.0,1.0,20000.0,128.0,2000.0,epochs,0.0,10,,done,,0.0,30,
pubmed_pubmedbert_fedavg_a0.1_s0_epochs_3656f7c069,pubmed,pubmedbert,fedavg,0.1,0,10.0,30,1.0,32.0,2.0,5e-05,0.01,adamw,1.0,8.0,32.0,0.1,0.0,1.0,1.0,1.0,0.5,0.5,0.0,1.0,20000.0,128.0,2000.0,epochs,0.0,10,,done,,0.0,30,
pubmed_pubmedbert_fedavg_a0.1_s1_epochs_1966a1ab6c,pubmed,pubmedbert,fedavg,0.1,1,10.0,30,1.0,32.0,2.0,5e-05,0.01,adamw,1.0,8.0,32.0,0.1,0.0,1.0,1.0,1.0,0.5,0.5,0.0,1.0,20000.0,128.0,2000.0,epochs,0.0,10,,done,,0.0,30,
pubmed_pubmedbert_fedavg_a0.1_s2_epochs_f7f1ecf533,pubmed,pubmedbert,fedavg,0.1,2,10.0,30,1.0,32.0,2.0,5e-05,0.01,adamw,1.0,8.0,32.0,0.1,0.0,1.0,1.0,1.0,0.5,0.5,0.0,1.0,20000.0,128.0,2000.0,epochs,0.0,10,,done,,0.0,30,
pubmed_pubmedbert_fedavg_a0.1_s3_epochs_5be477ce54,pubmed,pubmedbert,fedavg,0.1,3,10.0,30,1.0,32.0,2.0,5e-05,0.01,adamw,1.0,8.0,32.0,0.1,0.0,1.0,1.0,1.0,0.5,0.5,0.0,1.0,20000.0,128.0,2000.0,epochs,0.0,10,,done,,0.0,30,
pubmed_pubmedbert_fedavg_a0.1_s4_epochs_c088005cf4,pubmed,pubmedbert,fedavg,0.1,4,10.0,30,1.0,32.0,2.0,5e-05,0.01,adamw,1.0,8.0,32.0,0.1,0.0,1.0,1.0,1.0,0.5,0.5,0.0,1.0,20000.0,128.0,2000.0,epochs,0.0,10,,done,,0.0,30,
pubmed_textcnn_fedavg_a0.1_s0_epochs_d2f5799d01,pubmed,textcnn,fedavg,0.1,0,10.0,30,1.0,32.0,2.0,0.001,0.01,adamw,1.0,8.0,32.0,0.1,0.0,1.0,1.0,1.0,0.5,0.5,0.0,1.0,20000.0,128.0,2000.0,epochs,0.0,10,,done,,0.0,30,
pubmed_textcnn_fedavg_a0.1_s1_epochs_4472c9426e,pubmed,textcnn,fedavg,0.1,1,10.0,30,1.0,32.0,2.0,0.001,0.01,adamw,1.0,8.0,32.0,0.1,0.0,1.0,1.0,1.0,0.5,0.5,0.0,1.0,20000.0,128.0,2000.0,epochs,0.0,10,,done,,0.0,30,
pubmed_textcnn_fedavg_a0.1_s2_epochs_93604cf097,pubmed,textcnn,fedavg,0.1,2,10.0,30,1.0,32.0,2.0,0.001,0.01,adamw,1.0,8.0,32.0,0.1,0.0,1.0,1.0,1.0,0.5,0.5,0.0,1.0,20000.0,128.0,2000.0,epochs,0.0,10,,done,,0.0,30,
pubmed_textcnn_fedavg_a0.1_s3_epochs_c5c0fa31a6,pubmed,textcnn,fedavg,0.1,3,10.0,30,1.0,32.0,2.0,0.001,0.01,adamw,1.0,8.0,32.0,0.1,0.0,1.0,1.0,1.0,0.5,0.5,0.0,1.0,20000.0,128.0,2000.0,epochs,0.0,10,,done,,0.0,30,
pubmed_textcnn_fedavg_a0.1_s4_epochs_4adfd3a8b2,pubmed,textcnn,fedavg,0.1,4,10.0,30,1.0,32.0,2.0,0.001,0.01,adamw,1.0,8.0,32.0,0.1,0.0,1.0,1.0,1.0,0.5,0.5,0.0,1.0,20000.0,128.0,2000.0,epochs,0.0,10,,done,,0.0,30,
sent140_bertweet_fedavg_a0.1_s0_epochs_fb897a91e1,sent140,bertweet,fedavg,0.1,0,10.0,30,1.0,32.0,2.0,5e-05,0.01,adamw,1.0,8.0,32.0,0.1,0.0,1.0,1.0,1.0,0.5,0.5,0.0,1.0,20000.0,128.0,2000.0,epochs,0.0,10,,done,,0.0,30,
sent140_bertweet_fedavg_a0.1_s1_epochs_d982f831bf,sent140,bertweet,fedavg,0.1,1,10.0,30,1.0,32.0,2.0,5e-05,0.01,adamw,1.0,8.0,32.0,0.1,0.0,1.0,1.0,1.0,0.5,0.5,0.0,1.0,20000.0,128.0,2000.0,epochs,0.0,10,,done,,0.0,30,
sent140_bertweet_fedavg_a0.1_s2_epochs_d1b89df945,sent140,bertweet,fedavg,0.1,2,10.0,30,1.0,32.0,2.0,5e-05,0.01,adamw,1.0,8.0,32.0,0.1,0.0,1.0,1.0,1.0,0.5,0.5,0.0,1.0,20000.0,128.0,2000.0,epochs,0.0,10,,done,,0.0,30,
sent140_bertweet_fedavg_a0.1_s3_epochs_6af3557760,sent140,bertweet,fedavg,0.1,3,10.0,30,1.0,32.0,2.0,5e-05,0.01,adamw,1.0,8.0,32.0,0.1,0.0,1.0,1.0,1.0,0.5,0.5,0.0,1.0,20000.0,128.0,2000.0,epochs,0.0,10,,done,,0.0,30,
sent140_bertweet_fedavg_a0.1_s4_epochs_c73a5f80be,sent140,bertweet,fedavg,0.1,4,10.0,30,1.0,32.0,2.0,5e-05,0.01,adamw,1.0,8.0,32.0,0.1,0.0,1.0,1.0,1.0,0.5,0.5,0.0,1.0,20000.0,128.0,2000.0,epochs,0.0,10,,done,,0.0,30,
sent140_pubmedbert_fedavg_a0.1_s0_epochs_7c2d6757f7,sent140,pubmedbert,fedavg,0.1,0,10.0,30,1.0,32.0,2.0,5e-05,0.01,adamw,1.0,8.0,32.0,0.1,0.0,1.0,1.0,1.0,0.5,0.5,0.0,1.0,20000.0,128.0,2000.0,epochs,0.0,10,,done,,0.0,30,
sent140_pubmedbert_fedavg_a0.1_s1_epochs_f4cd9f6627,sent140,pubmedbert,fedavg,0.1,1,10.0,30,1.0,32.0,2.0,5e-05,0.01,adamw,1.0,8.0,32.0,0.1,0.0,1.0,1.0,1.0,0.5,0.5,0.0,1.0,20000.0,128.0,2000.0,epochs,0.0,10,,done,,0.0,30,
sent140_pubmedbert_fedavg_a0.1_s2_epochs_480183ccc5,sent140,pubmedbert,fedavg,0.1,2,10.0,30,1.0,32.0,2.0,5e-05,0.01,adamw,1.0,8.0,32.0,0.1,0.0,1.0,1.0,1.0,0.5,0.5,0.0,1.0,20000.0,128.0,2000.0,epochs,0.0,10,,done,,0.0,30,
sent140_pubmedbert_fedavg_a0.1_s3_epochs_ebe348da10,sent140,pubmedbert,fedavg,0.1,3,10.0,30,1.0,32.0,2.0,5e-05,0.01,adamw,1.0,8.0,32.0,0.1,0.0,1.0,1.0,1.0,0.5,0.5,0.0,1.0,20000.0,128.0,2000.0,epochs,0.0,10,,done,,0.0,30,
sent140_pubmedbert_fedavg_a0.1_s4_epochs_94f676af89,sent140,pubmedbert,fedavg,0.1,4,10.0,30,1.0,32.0,2.0,5e-05,0.01,adamw,1.0,8.0,32.0,0.1,0.0,1.0,1.0,1.0,0.5,0.5,0.0,1.0,20000.0,128.0,2000.0,epochs,0.0,10,,done,,0.0,30,
sent140_textcnn_fedavg_a0.1_s0_epochs_bd46d067bf,sent140,textcnn,fedavg,0.1,0,10.0,30,1.0,32.0,2.0,0.001,0.01,adamw,1.0,8.0,32.0,0.1,0.0,1.0,1.0,1.0,0.5,0.5,0.0,1.0,20000.0,128.0,2000.0,epochs,0.0,10,,done,,0.0,30,
sent140_textcnn_fedavg_a0.1_s1_epochs_da6e8df2dd,sent140,textcnn,fedavg,0.1,1,10.0,30,1.0,32.0,2.0,0.001,0.01,adamw,1.0,8.0,32.0,0.1,0.0,1.0,1.0,1.0,0.5,0.5,0.0,1.0,20000.0,128.0,2000.0,epochs,0.0,10,,done,,0.0,30,
sent140_textcnn_fedavg_a0.1_s2_epochs_6a7520c3f5,sent140,textcnn,fedavg,0.1,2,10.0,30,1.0,32.0,2.0,0.001,0.01,adamw,1.0,8.0,32.0,0.1,0.0,1.0,1.0,1.0,0.5,0.5,0.0,1.0,20000.0,128.0,2000.0,epochs,0.0,10,,done,,0.0,30,
sent140_textcnn_fedavg_a0.1_s3_epochs_76f3bd33a0,sent140,textcnn,fedavg,0.1,3,10.0,30,1.0,32.0,2.0,0.001,0.01,adamw,1.0,8.0,32.0,0.1,0.0,1.0,1.0,1.0,0.5,0.5,0.0,1.0,20000.0,128.0,2000.0,epochs,0.0,10,,done,,0.0,30,
sent140_textcnn_fedavg_a0.1_s4_epochs_655e177521,sent140,textcnn,fedavg,0.1,4,10.0,30,1.0,32.0,2.0,0.001,0.01,adamw,1.0,8.0,32.0,0.1,0.0,1.0,1.0,1.0,0.5,0.5,0.0,1.0,20000.0,128.0,2000.0,epochs,0.0,10,,done,,0.0,30,
agnews_bertweet_fedavg_a0.1_s0_epochs_e0871ca368,agnews,bertweet,fedavg,0.1,0,10.0,30,1.0,32.0,2.0,5e-05,0.01,adamw,1.0,8.0,32.0,0.1,0.0,1.0,1.0,1.0,0.5,0.5,0.0,1.0,20000.0,128.0,2000.0,epochs,0.0,20,,done,,0.0,30,
agnews_bertweet_fedavg_a0.1_s1_epochs_b98f4c8707,agnews,bertweet,fedavg,0.1,1,10.0,30,1.0,32.0,2.0,5e-05,0.01,adamw,1.0,8.0,32.0,0.1,0.0,1.0,1.0,1.0,0.5,0.5,0.0,1.0,20000.0,128.0,2000.0,epochs,0.0,20,,done,,0.0,30,
agnews_bertweet_fedavg_a0.1_s2_epochs_1cbd523903,agnews,bertweet,fedavg,0.1,2,10.0,30,1.0,32.0,2.0,5e-05,0.01,adamw,1.0,8.0,32.0,0.1,0.0,1.0,1.0,1.0,0.5,0.5,0.0,1.0,20000.0,128.0,2000.0,epochs,0.0,20,,done,,0.0,30,
agnews_bertweet_fedavg_a0.1_s3_epochs_cfd1dc015c,agnews,bertweet,fedavg,0.1,3,10.0,30,1.0,32.0,2.0,5e-05,0.01,adamw,1.0,8.0,32.0,0.1,0.0,1.0,1.0,1.0,0.5,0.5,0.0,1.0,20000.0,128.0,2000.0,epochs,0.0,20,,done,,0.0,30,
agnews_bertweet_fedavg_a0.1_s4_epochs_dd05bdc835,agnews,bertweet,fedavg,0.1,4,10.0,30,1.0,32.0,2.0,5e-05,0.01,adamw,1.0,8.0,32.0,0.1,0.0,1.0,1.0,1.0,0.5,0.5,0.0,1.0,20000.0,128.0,2000.0,epochs,0.0,20,,done,,0.0,30,
agnews_bertweet_fedavg_a1.0_s0_epochs_0057484f24,agnews,bertweet,fedavg,1.0,0,10.0,30,1.0,32.0,2.0,5e-05,0.01,adamw,1.0,8.0,32.0,0.1,0.0,1.0,1.0,1.0,0.5,0.5,0.0,1.0,20000.0,128.0,2000.0,epochs,0.0,20,,done,,0.0,30,
agnews_bertweet_fedavg_a1.0_s1_epochs_15d17528d4,agnews,bertweet,fedavg,1.0,1,10.0,30,1.0,32.0,2.0,5e-05,0.01,adamw,1.0,8.0,32.0,0.1,0.0,1.0,1.0,1.0,0.5,0.5,0.0,1.0,20000.0,128.0,2000.0,epochs,0.0,20,,done,,0.0,30,
agnews_bertweet_fedavg_a1.0_s2_epochs_78ba77c12d,agnews,bertweet,fedavg,1.0,2,10.0,30,1.0,32.0,2.0,5e-05,0.01,adamw,1.0,8.0,32.0,0.1,0.0,1.0,1.0,1.0,0.5,0.5,0.0,1.0,20000.0,128.0,2000.0,epochs,0.0,20,,done,,0.0,30,
agnews_bertweet_fedavg_a1.0_s3_epochs_f854ad2f4e,agnews,bertweet,fedavg,1.0,3,10.0,30,1.0,32.0,2.0,5e-05,0.01,adamw,1.0,8.0,32.0,0.1,0.0,1.0,1.0,1.0,0.5,0.5,0.0,1.0,20000.0,128.0,2000.0,epochs,0.0,20,,done,,0.0,30,
agnews_bertweet_fedavg_a1.0_s4_epochs_d2ed7c50e5,agnews,bertweet,fedavg,1.0,4,10.0,30,1.0,32.0,2.0,5e-05,0.01,adamw,1.0,8.0,32.0,0.1,0.0,1.0,1.0,1.0,0.5,0.5,0.0,1.0,20000.0,128.0,2000.0,epochs,0.0,20,,done,,0.0,30,
agnews_pubmedbert_fedavg_a0.1_s0_epochs_d77b337ed8,agnews,pubmedbert,fedavg,0.1,0,10.0,30,1.0,32.0,2.0,5e-05,0.01,adamw,1.0,8.0,32.0,0.1,0.0,1.0,1.0,1.0,0.5,0.5,0.0,1.0,20000.0,128.0,2000.0,epochs,0.0,20,,done,,0.0,30,
agnews_pubmedbert_fedavg_a0.1_s1_epochs_90f7723b4c,agnews,pubmedbert,fedavg,0.1,1,10.0,30,1.0,32.0,2.0,5e-05,0.01,adamw,1.0,8.0,32.0,0.1,0.0,1.0,1.0,1.0,0.5,0.5,0.0,1.0,20000.0,128.0,2000.0,epochs,0.0,20,,done,,0.0,30,
agnews_pubmedbert_fedavg_a0.1_s2_epochs_320bd7ad94,agnews,pubmedbert,fedavg,0.1,2,10.0,30,1.0,32.0,2.0,5e-05,0.01,adamw,1.0,8.0,32.0,0.1,0.0,1.0,1.0,1.0,0.5,0.5,0.0,1.0,20000.0,128.0,2000.0,epochs,0.0,20,,done,,0.0,30,
agnews_pubmedbert_fedavg_a0.1_s3_epochs_2cf44a5e12,agnews,pubmedbert,fedavg,0.1,3,10.0,30,1.0,32.0,2.0,5e-05,0.01,adamw,1.0,8.0,32.0,0.1,0.0,1.0,1.0,1.0,0.5,0.5,0.0,1.0,20000.0,128.0,2000.0,epochs,0.0,20,,done,,0.0,30,
agnews_pubmedbert_fedavg_a0.1_s4_epochs_5e1bb9adb3,agnews,pubmedbert,fedavg,0.1,4,10.0,30,1.0,32.0,2.0,5e-05,0.01,adamw,1.0,8.0,32.0,0.1,0.0,1.0,1.0,1.0,0.5,0.5,0.0,1.0,20000.0,128.0,2000.0,epochs,0.0,20,,done,,0.0,30,
agnews_pubmedbert_fedavg_a1.0_s0_epochs_753c58fc46,agnews,pubmedbert,fedavg,1.0,0,10.0,30,1.0,32.0,2.0,5e-05,0.01,adamw,1.0,8.0,32.0,0.1,0.0,1.0,1.0,1.0,0.5,0.5,0.0,1.0,20000.0,128.0,2000.0,epochs,0.0,20,,done,,0.0,30,
agnews_pubmedbert_fedavg_a1.0_s1_epochs_ce56c76a6d,agnews,pubmedbert,fedavg,1.0,1,10.0,30,1.0,32.0,2.0,5e-05,0.01,adamw,1.0,8.0,32.0,0.1,0.0,1.0,1.0,1.0,0.5,0.5,0.0,1.0,20000.0,128.0,2000.0,epochs,0.0,20,,done,,0.0,30,
agnews_pubmedbert_fedavg_a1.0_s2_epochs_ced293ea90,agnews,pubmedbert,fedavg,1.0,2,10.0,30,1.0,32.0,2.0,5e-05,0.01,adamw,1.0,8.0,32.0,0.1,0.0,1.0,1.0,1.0,0.5,0.5,0.0,1.0,20000.0,128.0,2000.0,epochs,0.0,20,,done,,0.0,30,
agnews_pubmedbert_fedavg_a1.0_s3_epochs_9fa6bf393c,agnews,pubmedbert,fedavg,1.0,3,10.0,30,1.0,32.0,2.0,5e-05,0.01,adamw,1.0,8.0,32.0,0.1,0.0,1.0,1.0,1.0,0.5,0.5,0.0,1.0,20000.0,128.0,2000.0,epochs,0.0,20,,done,,0.0,30,
agnews_pubmedbert_fedavg_a1.0_s4_epochs_69cd9ea1c6,agnews,pubmedbert,fedavg,1.0,4,10.0,30,1.0,32.0,2.0,5e-05,0.01,adamw,1.0,8.0,32.0,0.1,0.0,1.0,1.0,1.0,0.5,0.5,0.0,1.0,20000.0,128.0,2000.0,epochs,0.0,20,,done,,0.0,30,
agnews_roberta_fedavg_a1.0_s0_epochs_90493f2ff9,agnews,roberta,fedavg,1.0,0,10.0,30,1.0,32.0,2.0,5e-05,0.01,adamw,1.0,8.0,32.0,0.1,0.0,1.0,1.0,1.0,0.5,0.5,0.0,1.0,20000.0,128.0,2000.0,epochs,0.0,20,,done,,0.0,30,
agnews_roberta_fedavg_a1.0_s1_epochs_1aa8d68bb1,agnews,roberta,fedavg,1.0,1,10.0,30,1.0,32.0,2.0,5e-05,0.01,adamw,1.0,8.0,32.0,0.1,0.0,1.0,1.0,1.0,0.5,0.5,0.0,1.0,20000.0,128.0,2000.0,epochs,0.0,20,,done,,0.0,30,
agnews_roberta_fedavg_a1.0_s2_epochs_c49f2310f3,agnews,roberta,fedavg,1.0,2,10.0,30,1.0,32.0,2.0,5e-05,0.01,adamw,1.0,8.0,32.0,0.1,0.0,1.0,1.0,1.0,0.5,0.5,0.0,1.0,20000.0,128.0,2000.0,epochs,0.0,20,,done,,0.0,30,
agnews_roberta_fedavg_a1.0_s3_epochs_b5a1a90761,agnews,roberta,fedavg,1.0,3,10.0,30,1.0,32.0,2.0,5e-05,0.01,adamw,1.0,8.0,32.0,0.1,0.0,1.0,1.0,1.0,0.5,0.5,0.0,1.0,20000.0,128.0,2000.0,epochs,0.0,20,,done,,0.0,30,
agnews_roberta_fedavg_a1.0_s4_epochs_f11ec6dd9f,agnews,roberta,fedavg,1.0,4,10.0,30,1.0,32.0,2.0,5e-05,0.01,adamw,1.0,8.0,32.0,0.1,0.0,1.0,1.0,1.0,0.5,0.5,0.0,1.0,20000.0,128.0,2000.0,epochs,0.0,20,,done,,0.0,30,
agnews_textcnn_fedavg_a1.0_s0_epochs_385dd34052,agnews,textcnn,fedavg,1.0,0,10.0,30,1.0,32.0,2.0,0.001,0.01,adamw,1.0,8.0,32.0,0.1,0.0,1.0,1.0,1.0,0.5,0.5,0.0,1.0,20000.0,128.0,2000.0,epochs,0.0,20,,done,,0.0,30,
agnews_textcnn_fedavg_a1.0_s1_epochs_eaddc32d30,agnews,textcnn,fedavg,1.0,1,10.0,30,1.0,32.0,2.0,0.001,0.01,adamw,1.0,8.0,32.0,0.1,0.0,1.0,1.0,1.0,0.5,0.5,0.0,1.0,20000.0,128.0,2000.0,epochs,0.0,20,,done,,0.0,30,
agnews_textcnn_fedavg_a1.0_s2_epochs_83a166bca6,agnews,textcnn,fedavg,1.0,2,10.0,30,1.0,32.0,2.0,0.001,0.01,adamw,1.0,8.0,32.0,0.1,0.0,1.0,1.0,1.0,0.5,0.5,0.0,1.0,20000.0,128.0,2000.0,epochs,0.0,20,,done,,0.0,30,
agnews_textcnn_fedavg_a1.0_s3_epochs_deda3e4c5f,agnews,textcnn,fedavg,1.0,3,10.0,30,1.0,32.0,2.0,0.001,0.01,adamw,1.0,8.0,32.0,0.1,0.0,1.0,1.0,1.0,0.5,0.5,0.0,1.0,20000.0,128.0,2000.0,epochs,0.0,20,,done,,0.0,30,
agnews_textcnn_fedavg_a1.0_s4_epochs_631f235bbb,agnews,textcnn,fedavg,1.0,4,10.0,30,1.0,32.0,2.0,0.001,0.01,adamw,1.0,8.0,32.0,0.1,0.0,1.0,1.0,1.0,0.5,0.5,0.0,1.0,20000.0,128.0,2000.0,epochs,0.0,20,,done,,0.0,30,
pubmed_bertweet_fedavg_a1.0_s0_epochs_fdeec60107,pubmed,bertweet,fedavg,1.0,0,10.0,30,1.0,32.0,2.0,5e-05,0.01,adamw,1.0,8.0,32.0,0.1,0.0,1.0,1.0,1.0,0.5,0.5,0.0,1.0,20000.0,128.0,2000.0,epochs,0.0,20,,done,,0.0,30,
pubmed_bertweet_fedavg_a1.0_s1_epochs_76f8ecb7f2,pubmed,bertweet,fedavg,1.0,1,10.0,30,1.0,32.0,2.0,5e-05,0.01,adamw,1.0,8.0,32.0,0.1,0.0,1.0,1.0,1.0,0.5,0.5,0.0,1.0,20000.0,128.0,2000.0,epochs,0.0,20,,done,,0.0,30,
pubmed_bertweet_fedavg_a1.0_s2_epochs_275ac0a209,pubmed,bertweet,fedavg,1.0,2,10.0,30,1.0,32.0,2.0,5e-05,0.01,adamw,1.0,8.0,32.0,0.1,0.0,1.0,1.0,1.0,0.5,0.5,0.0,1.0,20000.0,128.0,2000.0,epochs,0.0,20,,done,,0.0,30,
pubmed_bertweet_fedavg_a1.0_s3_epochs_d450385c9d,pubmed,bertweet,fedavg,1.0,3,10.0,30,1.0,32.0,2.0,5e-05,0.01,adamw,1.0,8.0,32.0,0.1,0.0,1.0,1.0,1.0,0.5,0.5,0.0,1.0,20000.0,128.0,2000.0,epochs,0.0,20,,done,,0.0,30,
pubmed_bertweet_fedavg_a1.0_s4_epochs_10a21cd8a0,pubmed,bertweet,fedavg,1.0,4,10.0,30,1.0,32.0,2.0,5e-05,0.01,adamw,1.0,8.0,32.0,0.1,0.0,1.0,1.0,1.0,0.5,0.5,0.0,1.0,20000.0,128.0,2000.0,epochs,0.0,20,,done,,0.0,30,
pubmed_pubmedbert_fedavg_a1.0_s0_epochs_7cafcac961,pubmed,pubmedbert,fedavg,1.0,0,10.0,30,1.0,32.0,2.0,5e-05,0.01,adamw,1.0,8.0,32.0,0.1,0.0,1.0,1.0,1.0,0.5,0.5,0.0,1.0,20000.0,128.0,2000.0,epochs,0.0,20,,done,,0.0,30,
pubmed_pubmedbert_fedavg_a1.0_s1_epochs_8e967c2d7d,pubmed,pubmedbert,fedavg,1.0,1,10.0,30,1.0,32.0,2.0,5e-05,0.01,adamw,1.0,8.0,32.0,0.1,0.0,1.0,1.0,1.0,0.5,0.5,0.0,1.0,20000.0,128.0,2000.0,epochs,0.0,20,,done,,0.0,30,
pubmed_pubmedbert_fedavg_a1.0_s2_epochs_f466ae7e75,pubmed,pubmedbert,fedavg,1.0,2,10.0,30,1.0,32.0,2.0,5e-05,0.01,adamw,1.0,8.0,32.0,0.1,0.0,1.0,1.0,1.0,0.5,0.5,0.0,1.0,20000.0,128.0,2000.0,epochs,0.0,20,,done,,0.0,30,
pubmed_pubmedbert_fedavg_a1.0_s3_epochs_110dec69cf,pubmed,pubmedbert,fedavg,1.0,3,10.0,30,1.0,32.0,2.0,5e-05,0.01,adamw,1.0,8.0,32.0,0.1,0.0,1.0,1.0,1.0,0.5,0.5,0.0,1.0,20000.0,128.0,2000.0,epochs,0.0,20,,done,,0.0,30,
pubmed_pubmedbert_fedavg_a1.0_s4_epochs_8866c6b2a8,pubmed,pubmedbert,fedavg,1.0,4,10.0,30,1.0,32.0,2.0,5e-05,0.01,adamw,1.0,8.0,32.0,0.1,0.0,1.0,1.0,1.0,0.5,0.5,0.0,1.0,20000.0,128.0,2000.0,epochs,0.0,20,,done,,0.0,30,
pubmed_roberta_fedavg_a0.1_s0_epochs_bc256abba8,pubmed,roberta,fedavg,0.1,0,10.0,30,1.0,32.0,2.0,5e-05,0.01,adamw,1.0,8.0,32.0,0.1,0.0,1.0,1.0,1.0,0.5,0.5,0.0,1.0,20000.0,128.0,2000.0,epochs,0.0,20,,done,,0.0,30,
pubmed_roberta_fedavg_a0.1_s1_epochs_62a021cd27,pubmed,roberta,fedavg,0.1,1,10.0,30,1.0,32.0,2.0,5e-05,0.01,adamw,1.0,8.0,32.0,0.1,0.0,1.0,1.0,1.0,0.5,0.5,0.0,1.0,20000.0,128.0,2000.0,epochs,0.0,20,,done,,0.0,30,
pubmed_roberta_fedavg_a0.1_s2_epochs_d1312b81bd,pubmed,roberta,fedavg,0.1,2,10.0,30,1.0,32.0,2.0,5e-05,0.01,adamw,1.0,8.0,32.0,0.1,0.0,1.0,1.0,1.0,0.5,0.5,0.0,1.0,20000.0,128.0,2000.0,epochs,0.0,20,,done,,0.0,30,
pubmed_roberta_fedavg_a0.1_s3_epochs_a5cf7239bd,pubmed,roberta,fedavg,0.1,3,10.0,30,1.0,32.0,2.0,5e-05,0.01,adamw,1.0,8.0,32.0,0.1,0.0,1.0,1.0,1.0,0.5,0.5,0.0,1.0,20000.0,128.0,2000.0,epochs,0.0,20,,done,,0.0,30,
pubmed_roberta_fedavg_a0.1_s4_epochs_ca86c80e8d,pubmed,roberta,fedavg,0.1,4,10.0,30,1.0,32.0,2.0,5e-05,0.01,adamw,1.0,8.0,32.0,0.1,0.0,1.0,1.0,1.0,0.5,0.5,0.0,1.0,20000.0,128.0,2000.0,epochs,0.0,20,,done,,0.0,30,
pubmed_roberta_fedavg_a1.0_s0_epochs_30d26bbf03,pubmed,roberta,fedavg,1.0,0,10.0,30,1.0,32.0,2.0,5e-05,0.01,adamw,1.0,8.0,32.0,0.1,0.0,1.0,1.0,1.0,0.5,0.5,0.0,1.0,20000.0,128.0,2000.0,epochs,0.0,20,,done,,0.0,30,
pubmed_roberta_fedavg_a1.0_s1_epochs_d41fc9a406,pubmed,roberta,fedavg,1.0,1,10.0,30,1.0,32.0,2.0,5e-05,0.01,adamw,1.0,8.0,32.0,0.1,0.0,1.0,1.0,1.0,0.5,0.5,0.0,1.0,20000.0,128.0,2000.0,epochs,0.0,20,,done,,0.0,30,
pubmed_roberta_fedavg_a1.0_s2_epochs_6ddcf8dbbd,pubmed,roberta,fedavg,1.0,2,10.0,30,1.0,32.0,2.0,5e-05,0.01,adamw,1.0,8.0,32.0,0.1,0.0,1.0,1.0,1.0,0.5,0.5,0.0,1.0,20000.0,128.0,2000.0,epochs,0.0,20,,done,,0.0,30,
pubmed_roberta_fedavg_a1.0_s3_epochs_171e619479,pubmed,roberta,fedavg,1.0,3,10.0,30,1.0,32.0,2.0,5e-05,0.01,adamw,1.0,8.0,32.0,0.1,0.0,1.0,1.0,1.0,0.5,0.5,0.0,1.0,20000.0,128.0,2000.0,epochs,0.0,20,,done,,0.0,30,
pubmed_roberta_fedavg_a1.0_s4_epochs_0a0b736f7b,pubmed,roberta,fedavg,1.0,4,10.0,30,1.0,32.0,2.0,5e-05,0.01,adamw,1.0,8.0,32.0,0.1,0.0,1.0,1.0,1.0,0.5,0.5,0.0,1.0,20000.0,128.0,2000.0,epochs,0.0,20,,done,,0.0,30,
pubmed_textcnn_fedavg_a1.0_s0_epochs_26f0fc9551,pubmed,textcnn,fedavg,1.0,0,10.0,30,1.0,32.0,2.0,0.001,0.01,adamw,1.0,8.0,32.0,0.1,0.0,1.0,1.0,1.0,0.5,0.5,0.0,1.0,20000.0,128.0,2000.0,epochs,0.0,20,,done,,0.0,30,
pubmed_textcnn_fedavg_a1.0_s1_epochs_ee4dd8f277,pubmed,textcnn,fedavg,1.0,1,10.0,30,1.0,32.0,2.0,0.001,0.01,adamw,1.0,8.0,32.0,0.1,0.0,1.0,1.0,1.0,0.5,0.5,0.0,1.0,20000.0,128.0,2000.0,epochs,0.0,20,,done,,0.0,30,
pubmed_textcnn_fedavg_a1.0_s2_epochs_5e0b5ff1ca,pubmed,textcnn,fedavg,1.0,2,10.0,30,1.0,32.0,2.0,0.001,0.01,adamw,1.0,8.0,32.0,0.1,0.0,1.0,1.0,1.0,0.5,0.5,0.0,1.0,20000.0,128.0,2000.0,epochs,0.0,20,,done,,0.0,30,
pubmed_textcnn_fedavg_a1.0_s3_epochs_a4ff4d9b41,pubmed,textcnn,fedavg,1.0,3,10.0,30,1.0,32.0,2.0,0.001,0.01,adamw,1.0,8.0,32.0,0.1,0.0,1.0,1.0,1.0,0.5,0.5,0.0,1.0,20000.0,128.0,2000.0,epochs,0.0,20,,done,,0.0,30,
pubmed_textcnn_fedavg_a1.0_s4_epochs_3175fd59b2,pubmed,textcnn,fedavg,1.0,4,10.0,30,1.0,32.0,2.0,0.001,0.01,adamw,1.0,8.0,32.0,0.1,0.0,1.0,1.0,1.0,0.5,0.5,0.0,1.0,20000.0,128.0,2000.0,epochs,0.0,20,,done,,0.0,30,
sent140_bertweet_fedavg_a1.0_s0_epochs_4ddc954338,sent140,bertweet,fedavg,1.0,0,10.0,30,1.0,32.0,2.0,5e-05,0.01,adamw,1.0,8.0,32.0,0.1,0.0,1.0,1.0,1.0,0.5,0.5,0.0,1.0,20000.0,128.0,2000.0,epochs,0.0,20,,done,,0.0,30,
sent140_bertweet_fedavg_a1.0_s1_epochs_772eb0e957,sent140,bertweet,fedavg,1.0,1,10.0,30,1.0,32.0,2.0,5e-05,0.01,adamw,1.0,8.0,32.0,0.1,0.0,1.0,1.0,1.0,0.5,0.5,0.0,1.0,20000.0,128.0,2000.0,epochs,0.0,20,,done,,0.0,30,
sent140_bertweet_fedavg_a1.0_s2_epochs_0dd23ddd7f,sent140,bertweet,fedavg,1.0,2,10.0,30,1.0,32.0,2.0,5e-05,0.01,adamw,1.0,8.0,32.0,0.1,0.0,1.0,1.0,1.0,0.5,0.5,0.0,1.0,20000.0,128.0,2000.0,epochs,0.0,20,,done,,0.0,30,
sent140_bertweet_fedavg_a1.0_s3_epochs_30bd1e4c3c,sent140,bertweet,fedavg,1.0,3,10.0,30,1.0,32.0,2.0,5e-05,0.01,adamw,1.0,8.0,32.0,0.1,0.0,1.0,1.0,1.0,0.5,0.5,0.0,1.0,20000.0,128.0,2000.0,epochs,0.0,20,,done,,0.0,30,
sent140_bertweet_fedavg_a1.0_s4_epochs_e4f216c069,sent140,bertweet,fedavg,1.0,4,10.0,30,1.0,32.0,2.0,5e-05,0.01,adamw,1.0,8.0,32.0,0.1,0.0,1.0,1.0,1.0,0.5,0.5,0.0,1.0,20000.0,128.0,2000.0,epochs,0.0,20,,done,,0.0,30,
sent140_pubmedbert_fedavg_a1.0_s0_epochs_b10aee9e8c,sent140,pubmedbert,fedavg,1.0,0,10.0,30,1.0,32.0,2.0,5e-05,0.01,adamw,1.0,8.0,32.0,0.1,0.0,1.0,1.0,1.0,0.5,0.5,0.0,1.0,20000.0,128.0,2000.0,epochs,0.0,20,,done,,0.0,30,
sent140_pubmedbert_fedavg_a1.0_s1_epochs_b5fdb2caac,sent140,pubmedbert,fedavg,1.0,1,10.0,30,1.0,32.0,2.0,5e-05,0.01,adamw,1.0,8.0,32.0,0.1,0.0,1.0,1.0,1.0,0.5,0.5,0.0,1.0,20000.0,128.0,2000.0,epochs,0.0,20,,done,,0.0,30,
sent140_pubmedbert_fedavg_a1.0_s2_epochs_69213ea7f5,sent140,pubmedbert,fedavg,1.0,2,10.0,30,1.0,32.0,2.0,5e-05,0.01,adamw,1.0,8.0,32.0,0.1,0.0,1.0,1.0,1.0,0.5,0.5,0.0,1.0,20000.0,128.0,2000.0,epochs,0.0,20,,done,,0.0,30,
sent140_pubmedbert_fedavg_a1.0_s3_epochs_b4f750fe8b,sent140,pubmedbert,fedavg,1.0,3,10.0,30,1.0,32.0,2.0,5e-05,0.01,adamw,1.0,8.0,32.0,0.1,0.0,1.0,1.0,1.0,0.5,0.5,0.0,1.0,20000.0,128.0,2000.0,epochs,0.0,20,,done,,0.0,30,
sent140_pubmedbert_fedavg_a1.0_s4_epochs_0537e33839,sent140,pubmedbert,fedavg,1.0,4,10.0,30,1.0,32.0,2.0,5e-05,0.01,adamw,1.0,8.0,32.0,0.1,0.0,1.0,1.0,1.0,0.5,0.5,0.0,1.0,20000.0,128.0,2000.0,epochs,0.0,20,,done,,0.0,30,
sent140_roberta_fedavg_a0.1_s0_epochs_a1bfaad39a,sent140,roberta,fedavg,0.1,0,10.0,30,1.0,32.0,2.0,5e-05,0.01,adamw,1.0,8.0,32.0,0.1,0.0,1.0,1.0,1.0,0.5,0.5,0.0,1.0,20000.0,128.0,2000.0,epochs,0.0,20,,done,,0.0,30,
sent140_roberta_fedavg_a0.1_s1_epochs_b3a13177ca,sent140,roberta,fedavg,0.1,1,10.0,30,1.0,32.0,2.0,5e-05,0.01,adamw,1.0,8.0,32.0,0.1,0.0,1.0,1.0,1.0,0.5,0.5,0.0,1.0,20000.0,128.0,2000.0,epochs,0.0,20,,done,,0.0,30,
sent140_roberta_fedavg_a0.1_s2_epochs_478d466a69,sent140,roberta,fedavg,0.1,2,10.0,30,1.0,32.0,2.0,5e-05,0.01,adamw,1.0,8.0,32.0,0.1,0.0,1.0,1.0,1.0,0.5,0.5,0.0,1.0,20000.0,128.0,2000.0,epochs,0.0,20,,done,,0.0,30,
sent140_roberta_fedavg_a0.1_s3_epochs_45bcfe3b62,sent140,roberta,fedavg,0.1,3,10.0,30,1.0,32.0,2.0,5e-05,0.01,adamw,1.0,8.0,32.0,0.1,0.0,1.0,1.0,1.0,0.5,0.5,0.0,1.0,20000.0,128.0,2000.0,epochs,0.0,20,,done,,0.0,30,
sent140_roberta_fedavg_a0.1_s4_epochs_9b841e0c3c,sent140,roberta,fedavg,0.1,4,10.0,30,1.0,32.0,2.0,5e-05,0.01,adamw,1.0,8.0,32.0,0.1,0.0,1.0,1.0,1.0,0.5,0.5,0.0,1.0,20000.0,128.0,2000.0,epochs,0.0,20,,done,,0.0,30,
sent140_roberta_fedavg_a1.0_s0_epochs_6f349a9db2,sent140,roberta,fedavg,1.0,0,10.0,30,1.0,32.0,2.0,5e-05,0.01,adamw,1.0,8.0,32.0,0.1,0.0,1.0,1.0,1.0,0.5,0.5,0.0,1.0,20000.0,128.0,2000.0,epochs,0.0,20,,done,,0.0,30,
sent140_roberta_fedavg_a1.0_s1_epochs_f3505e9300,sent140,roberta,fedavg,1.0,1,10.0,30,1.0,32.0,2.0,5e-05,0.01,adamw,1.0,8.0,32.0,0.1,0.0,1.0,1.0,1.0,0.5,0.5,0.0,1.0,20000.0,128.0,2000.0,epochs,0.0,20,,done,,0.0,30,
sent140_roberta_fedavg_a1.0_s2_epochs_bb0a322b0d,sent140,roberta,fedavg,1.0,2,10.0,30,1.0,32.0,2.0,5e-05,0.01,adamw,1.0,8.0,32.0,0.1,0.0,1.0,1.0,1.0,0.5,0.5,0.0,1.0,20000.0,128.0,2000.0,epochs,0.0,20,,done,,0.0,30,
sent140_roberta_fedavg_a1.0_s3_epochs_6c0b1bef7b,sent140,roberta,fedavg,1.0,3,10.0,30,1.0,32.0,2.0,5e-05,0.01,adamw,1.0,8.0,32.0,0.1,0.0,1.0,1.0,1.0,0.5,0.5,0.0,1.0,20000.0,128.0,2000.0,epochs,0.0,20,,done,,0.0,30,
sent140_roberta_fedavg_a1.0_s4_epochs_268e106b1f,sent140,roberta,fedavg,1.0,4,10.0,30,1.0,32.0,2.0,5e-05,0.01,adamw,1.0,8.0,32.0,0.1,0.0,1.0,1.0,1.0,0.5,0.5,0.0,1.0,20000.0,128.0,2000.0,epochs,0.0,20,,done,,0.0,30,
sent140_textcnn_fedavg_a1.0_s0_epochs_913f450d57,sent140,textcnn,fedavg,1.0,0,10.0,30,1.0,32.0,2.0,0.001,0.01,adamw,1.0,8.0,32.0,0.1,0.0,1.0,1.0,1.0,0.5,0.5,0.0,1.0,20000.0,128.0,2000.0,epochs,0.0,20,,done,,0.0,30,
sent140_textcnn_fedavg_a1.0_s1_epochs_5d2c82da92,sent140,textcnn,fedavg,1.0,1,10.0,30,1.0,32.0,2.0,0.001,0.01,adamw,1.0,8.0,32.0,0.1,0.0,1.0,1.0,1.0,0.5,0.5,0.0,1.0,20000.0,128.0,2000.0,epochs,0.0,20,,done,,0.0,30,
sent140_textcnn_fedavg_a1.0_s2_epochs_4a2180c31f,sent140,textcnn,fedavg,1.0,2,10.0,30,1.0,32.0,2.0,0.001,0.01,adamw,1.0,8.0,32.0,0.1,0.0,1.0,1.0,1.0,0.5,0.5,0.0,1.0,20000.0,128.0,2000.0,epochs,0.0,20,,done,,0.0,30,
sent140_textcnn_fedavg_a1.0_s3_epochs_69d8d997ef,sent140,textcnn,fedavg,1.0,3,10.0,30,1.0,32.0,2.0,0.001,0.01,adamw,1.0,8.0,32.0,0.1,0.0,1.0,1.0,1.0,0.5,0.5,0.0,1.0,20000.0,128.0,2000.0,epochs,0.0,20,,done,,0.0,30,
sent140_textcnn_fedavg_a1.0_s4_epochs_ddc81a737d,sent140,textcnn,fedavg,1.0,4,10.0,30,1.0,32.0,2.0,0.001,0.01,adamw,1.0,8.0,32.0,0.1,0.0,1.0,1.0,1.0,0.5,0.5,0.0,1.0,20000.0,128.0,2000.0,epochs,0.0,20,,done,,0.0,30,
agnews_roberta_fedavg_a0.3_s0_epochs_f12ef16218,agnews,roberta,fedavg,0.3,0,10.0,30,1.0,32.0,2.0,5e-05,0.01,adamw,1.0,8.0,32.0,0.1,0.0,1.0,1.0,1.0,0.5,0.5,0.0,1.0,20000.0,128.0,2000.0,epochs,0.0,30,,done,,0.0,30,
agnews_roberta_fedavg_a0.3_s1_epochs_d424efd707,agnews,roberta,fedavg,0.3,1,10.0,30,1.0,32.0,2.0,5e-05,0.01,adamw,1.0,8.0,32.0,0.1,0.0,1.0,1.0,1.0,0.5,0.5,0.0,1.0,20000.0,128.0,2000.0,epochs,0.0,30,,done,,0.0,30,
agnews_roberta_fedavg_a0.3_s2_epochs_aa14e158f4,agnews,roberta,fedavg,0.3,2,10.0,30,1.0,32.0,2.0,5e-05,0.01,adamw,1.0,8.0,32.0,0.1,0.0,1.0,1.0,1.0,0.5,0.5,0.0,1.0,20000.0,128.0,2000.0,epochs,0.0,30,,done,,0.0,30,
agnews_roberta_fedavg_a0.3_s3_epochs_5c24cecc83,agnews,roberta,fedavg,0.3,3,10.0,30,1.0,32.0,2.0,5e-05,0.01,adamw,1.0,8.0,32.0,0.1,0.0,1.0,1.0,1.0,0.5,0.5,0.0,1.0,20000.0,128.0,2000.0,epochs,0.0,30,,done,,0.0,30,
agnews_roberta_fedavg_a0.3_s4_epochs_ce2fd7d172,agnews,roberta,fedavg,0.3,4,10.0,30,1.0,32.0,2.0,5e-05,0.01,adamw,1.0,8.0,32.0,0.1,0.0,1.0,1.0,1.0,0.5,0.5,0.0,1.0,20000.0,128.0,2000.0,epochs,0.0,30,,done,,0.0,30,
agnews_textcnn_fedavg_a0.3_s0_epochs_1965037d5a,agnews,textcnn,fedavg,0.3,0,10.0,30,1.0,32.0,2.0,0.001,0.01,adamw,1.0,8.0,32.0,0.1,0.0,1.0,1.0,1.0,0.5,0.5,0.0,1.0,20000.0,128.0,2000.0,epochs,0.0,30,,done,,0.0,30,
agnews_textcnn_fedavg_a0.3_s1_epochs_3e93ec3e08,agnews,textcnn,fedavg,0.3,1,10.0,30,1.0,32.0,2.0,0.001,0.01,adamw,1.0,8.0,32.0,0.1,0.0,1.0,1.0,1.0,0.5,0.5,0.0,1.0,20000.0,128.0,2000.0,epochs,0.0,30,,done,,0.0,30,
agnews_textcnn_fedavg_a0.3_s2_epochs_67f43eb3f1,agnews,textcnn,fedavg,0.3,2,10.0,30,1.0,32.0,2.0,0.001,0.01,adamw,1.0,8.0,32.0,0.1,0.0,1.0,1.0,1.0,0.5,0.5,0.0,1.0,20000.0,128.0,2000.0,epochs,0.0,30,,done,,0.0,30,
agnews_textcnn_fedavg_a0.3_s3_epochs_558fb487aa,agnews,textcnn,fedavg,0.3,3,10.0,30,1.0,32.0,2.0,0.001,0.01,adamw,1.0,8.0,32.0,0.1,0.0,1.0,1.0,1.0,0.5,0.5,0.0,1.0,20000.0,128.0,2000.0,epochs,0.0,30,,done,,0.0,30,
agnews_textcnn_fedavg_a0.3_s4_epochs_fb7878de06,agnews,textcnn,fedavg,0.3,4,10.0,30,1.0,32.0,2.0,0.001,0.01,adamw,1.0,8.0,32.0,0.1,0.0,1.0,1.0,1.0,0.5,0.5,0.0,1.0,20000.0,128.0,2000.0,epochs,0.0,30,,done,,0.0,30,
pubmed_pubmedbert_fedavg_a0.3_s0_epochs_3ca41b4f53,pubmed,pubmedbert,fedavg,0.3,0,10.0,30,1.0,32.0,2.0,5e-05,0.01,adamw,1.0,8.0,32.0,0.1,0.0,1.0,1.0,1.0,0.5,0.5,0.0,1.0,20000.0,128.0,2000.0,epochs,0.0,30,,done,,0.0,30,
pubmed_pubmedbert_fedavg_a0.3_s1_epochs_08ec4eecf0,pubmed,pubmedbert,fedavg,0.3,1,10.0,30,1.0,32.0,2.0,5e-05,0.01,adamw,1.0,8.0,32.0,0.1,0.0,1.0,1.0,1.0,0.5,0.5,0.0,1.0,20000.0,128.0,2000.0,epochs,0.0,30,,done,,0.0,30,
pubmed_pubmedbert_fedavg_a0.3_s2_epochs_32e6cd1106,pubmed,pubmedbert,fedavg,0.3,2,10.0,30,1.0,32.0,2.0,5e-05,0.01,adamw,1.0,8.0,32.0,0.1,0.0,1.0,1.0,1.0,0.5,0.5,0.0,1.0,20000.0,128.0,2000.0,epochs,0.0,30,,done,,0.0,30,
pubmed_pubmedbert_fedavg_a0.3_s3_epochs_61b2e06c76,pubmed,pubmedbert,fedavg,0.3,3,10.0,30,1.0,32.0,2.0,5e-05,0.01,adamw,1.0,8.0,32.0,0.1,0.0,1.0,1.0,1.0,0.5,0.5,0.0,1.0,20000.0,128.0,2000.0,epochs,0.0,30,,done,,0.0,30,
pubmed_pubmedbert_fedavg_a0.3_s4_epochs_821105173a,pubmed,pubmedbert,fedavg,0.3,4,10.0,30,1.0,32.0,2.0,5e-05,0.01,adamw,1.0,8.0,32.0,0.1,0.0,1.0,1.0,1.0,0.5,0.5,0.0,1.0,20000.0,128.0,2000.0,epochs,0.0,30,,done,,0.0,30,
pubmed_textcnn_fedavg_a0.3_s0_epochs_e9dcfe23f4,pubmed,textcnn,fedavg,0.3,0,10.0,30,1.0,32.0,2.0,0.001,0.01,adamw,1.0,8.0,32.0,0.1,0.0,1.0,1.0,1.0,0.5,0.5,0.0,1.0,20000.0,128.0,2000.0,epochs,0.0,30,,done,,0.0,30,
pubmed_textcnn_fedavg_a0.3_s1_epochs_66d3239af9,pubmed,textcnn,fedavg,0.3,1,10.0,30,1.0,32.0,2.0,0.001,0.01,adamw,1.0,8.0,32.0,0.1,0.0,1.0,1.0,1.0,0.5,0.5,0.0,1.0,20000.0,128.0,2000.0,epochs,0.0,30,,done,,0.0,30,
pubmed_textcnn_fedavg_a0.3_s2_epochs_348bce13a6,pubmed,textcnn,fedavg,0.3,2,10.0,30,1.0,32.0,2.0,0.001,0.01,adamw,1.0,8.0,32.0,0.1,0.0,1.0,1.0,1.0,0.5,0.5,0.0,1.0,20000.0,128.0,2000.0,epochs,0.0,30,,done,,0.0,30,
pubmed_textcnn_fedavg_a0.3_s3_epochs_e0e71ee061,pubmed,textcnn,fedavg,0.3,3,10.0,30,1.0,32.0,2.0,0.001,0.01,adamw,1.0,8.0,32.0,0.1,0.0,1.0,1.0,1.0,0.5,0.5,0.0,1.0,20000.0,128.0,2000.0,epochs,0.0,30,,done,,0.0,30,
pubmed_textcnn_fedavg_a0.3_s4_epochs_fa060269b4,pubmed,textcnn,fedavg,0.3,4,10.0,30,1.0,32.0,2.0,0.001,0.01,adamw,1.0,8.0,32.0,0.1,0.0,1.0,1.0,1.0,0.5,0.5,0.0,1.0,20000.0,128.0,2000.0,epochs,0.0,30,,done,,0.0,30,
sent140_bertweet_fedavg_a0.3_s0_epochs_b2ebad02cb,sent140,bertweet,fedavg,0.3,0,10.0,30,1.0,32.0,2.0,5e-05,0.01,adamw,1.0,8.0,32.0,0.1,0.0,1.0,1.0,1.0,0.5,0.5,0.0,1.0,20000.0,128.0,2000.0,epochs,0.0,30,,done,,0.0,30,
sent140_bertweet_fedavg_a0.3_s1_epochs_ac139e4b57,sent140,bertweet,fedavg,0.3,1,10.0,30,1.0,32.0,2.0,5e-05,0.01,adamw,1.0,8.0,32.0,0.1,0.0,1.0,1.0,1.0,0.5,0.5,0.0,1.0,20000.0,128.0,2000.0,epochs,0.0,30,,done,,0.0,30,
sent140_bertweet_fedavg_a0.3_s2_epochs_c405c6d161,sent140,bertweet,fedavg,0.3,2,10.0,30,1.0,32.0,2.0,5e-05,0.01,adamw,1.0,8.0,32.0,0.1,0.0,1.0,1.0,1.0,0.5,0.5,0.0,1.0,20000.0,128.0,2000.0,epochs,0.0,30,,done,,0.0,30,
sent140_bertweet_fedavg_a0.3_s3_epochs_4b1fb8a3a6,sent140,bertweet,fedavg,0.3,3,10.0,30,1.0,32.0,2.0,5e-05,0.01,adamw,1.0,8.0,32.0,0.1,0.0,1.0,1.0,1.0,0.5,0.5,0.0,1.0,20000.0,128.0,2000.0,epochs,0.0,30,,done,,0.0,30,
sent140_bertweet_fedavg_a0.3_s4_epochs_347e7f7f81,sent140,bertweet,fedavg,0.3,4,10.0,30,1.0,32.0,2.0,5e-05,0.01,adamw,1.0,8.0,32.0,0.1,0.0,1.0,1.0,1.0,0.5,0.5,0.0,1.0,20000.0,128.0,2000.0,epochs,0.0,30,,done,,0.0,30,
sent140_textcnn_fedavg_a0.3_s0_epochs_ee59261c09,sent140,textcnn,fedavg,0.3,0,10.0,30,1.0,32.0,2.0,0.001,0.01,adamw,1.0,8.0,32.0,0.1,0.0,1.0,1.0,1.0,0.5,0.5,0.0,1.0,20000.0,128.0,2000.0,epochs,0.0,30,,done,,0.0,30,
sent140_textcnn_fedavg_a0.3_s1_epochs_ae48529b10,sent140,textcnn,fedavg,0.3,1,10.0,30,1.0,32.0,2.0,0.001,0.01,adamw,1.0,8.0,32.0,0.1,0.0,1.0,1.0,1.0,0.5,0.5,0.0,1.0,20000.0,128.0,2000.0,epochs,0.0,30,,done,,0.0,30,
sent140_textcnn_fedavg_a0.3_s2_epochs_c746809128,sent140,textcnn,fedavg,0.3,2,10.0,30,1.0,32.0,2.0,0.001,0.01,adamw,1.0,8.0,32.0,0.1,0.0,1.0,1.0,1.0,0.5,0.5,0.0,1.0,20000.0,128.0,2000.0,epochs,0.0,30,,done,,0.0,30,
sent140_textcnn_fedavg_a0.3_s3_epochs_ebe355d634,sent140,textcnn,fedavg,0.3,3,10.0,30,1.0,32.0,2.0,0.001,0.01,adamw,1.0,8.0,32.0,0.1,0.0,1.0,1.0,1.0,0.5,0.5,0.0,1.0,20000.0,128.0,2000.0,epochs,0.0,30,,done,,0.0,30,
sent140_textcnn_fedavg_a0.3_s4_epochs_8bb244a6a8,sent140,textcnn,fedavg,0.3,4,10.0,30,1.0,32.0,2.0,0.001,0.01,adamw,1.0,8.0,32.0,0.1,0.0,1.0,1.0,1.0,0.5,0.5,0.0,1.0,20000.0,128.0,2000.0,epochs,0.0,30,,done,,0.0,30,
agnews_roberta_ditto_a0.1_s0_epochs_e07c1a77c5,agnews,roberta,ditto,0.1,0,10.0,30,1.0,32.0,2.0,5e-05,0.01,adamw,1.0,8.0,32.0,0.1,0.0,1.0,1.0,1.0,0.5,0.5,0.0,1.0,20000.0,128.0,2000.0,epochs,0.0,40,,done,,0.0,30,
agnews_roberta_ditto_a0.1_s1_epochs_63a8cf312e,agnews,roberta,ditto,0.1,1,10.0,30,1.0,32.0,2.0,5e-05,0.01,adamw,1.0,8.0,32.0,0.1,0.0,1.0,1.0,1.0,0.5,0.5,0.0,1.0,20000.0,128.0,2000.0,epochs,0.0,40,,done,,0.0,30,
agnews_roberta_ditto_a0.1_s2_epochs_462bad5457,agnews,roberta,ditto,0.1,2,10.0,30,1.0,32.0,2.0,5e-05,0.01,adamw,1.0,8.0,32.0,0.1,0.0,1.0,1.0,1.0,0.5,0.5,0.0,1.0,20000.0,128.0,2000.0,epochs,0.0,40,,done,,0.0,30,
agnews_roberta_ditto_a0.1_s3_epochs_57996e4442,agnews,roberta,ditto,0.1,3,10.0,30,1.0,32.0,2.0,5e-05,0.01,adamw,1.0,8.0,32.0,0.1,0.0,1.0,1.0,1.0,0.5,0.5,0.0,1.0,20000.0,128.0,2000.0,epochs,0.0,40,,done,,0.0,30,
agnews_roberta_ditto_a0.1_s4_epochs_4779bcf991,agnews,roberta,ditto,0.1,4,10.0,30,1.0,32.0,2.0,5e-05,0.01,adamw,1.0,8.0,32.0,0.1,0.0,1.0,1.0,1.0,0.5,0.5,0.0,1.0,20000.0,128.0,2000.0,epochs,0.0,40,,done,,0.0,30,
agnews_roberta_fedprox_a0.1_s0_epochs_296f71371e,agnews,roberta,fedprox,0.1,0,10.0,30,1.0,32.0,2.0,5e-05,0.01,adamw,1.0,8.0,32.0,0.1,0.01,1.0,1.0,1.0,0.5,0.5,0.0,1.0,20000.0,128.0,2000.0,epochs,0.0,40,,done,,0.0,30,
agnews_roberta_fedprox_a0.1_s1_epochs_a15225a2f9,agnews,roberta,fedprox,0.1,1,10.0,30,1.0,32.0,2.0,5e-05,0.01,adamw,1.0,8.0,32.0,0.1,0.01,1.0,1.0,1.0,0.5,0.5,0.0,1.0,20000.0,128.0,2000.0,epochs,0.0,40,,done,,0.0,30,
agnews_roberta_fedprox_a0.1_s2_epochs_f8ba9cbfb5,agnews,roberta,fedprox,0.1,2,10.0,30,1.0,32.0,2.0,5e-05,0.01,adamw,1.0,8.0,32.0,0.1,0.01,1.0,1.0,1.0,0.5,0.5,0.0,1.0,20000.0,128.0,2000.0,epochs,0.0,40,,done,,0.0,30,
agnews_roberta_fedprox_a0.1_s3_epochs_cb7f7aaae3,agnews,roberta,fedprox,0.1,3,10.0,30,1.0,32.0,2.0,5e-05,0.01,adamw,1.0,8.0,32.0,0.1,0.01,1.0,1.0,1.0,0.5,0.5,0.0,1.0,20000.0,128.0,2000.0,epochs,0.0,40,,done,,0.0,30,
agnews_roberta_fedprox_a0.1_s4_epochs_c0048dd256,agnews,roberta,fedprox,0.1,4,10.0,30,1.0,32.0,2.0,5e-05,0.01,adamw,1.0,8.0,32.0,0.1,0.01,1.0,1.0,1.0,0.5,0.5,0.0,1.0,20000.0,128.0,2000.0,epochs,0.0,40,,done,,0.0,30,
agnews_roberta_ffa_lora_a0.1_s0_epochs_6225d2424f,agnews,roberta,ffa_lora,0.1,0,10.0,30,1.0,32.0,2.0,5e-05,0.01,adamw,1.0,8.0,32.0,0.1,0.0,1.0,1.0,1.0,0.5,0.5,0.0,1.0,20000.0,128.0,2000.0,epochs,0.0,40,,done,,0.0,30,
agnews_roberta_ffa_lora_a0.1_s1_epochs_33c8c2f7eb,agnews,roberta,ffa_lora,0.1,1,10.0,30,1.0,32.0,2.0,5e-05,0.01,adamw,1.0,8.0,32.0,0.1,0.0,1.0,1.0,1.0,0.5,0.5,0.0,1.0,20000.0,128.0,2000.0,epochs,0.0,40,,done,,0.0,30,
agnews_roberta_ffa_lora_a0.1_s2_epochs_0830b03491,agnews,roberta,ffa_lora,0.1,2,10.0,30,1.0,32.0,2.0,5e-05,0.01,adamw,1.0,8.0,32.0,0.1,0.0,1.0,1.0,1.0,0.5,0.5,0.0,1.0,20000.0,128.0,2000.0,epochs,0.0,40,,done,,0.0,30,
agnews_roberta_ffa_lora_a0.1_s3_epochs_914f995a5b,agnews,roberta,ffa_lora,0.1,3,10.0,30,1.0,32.0,2.0,5e-05,0.01,adamw,1.0,8.0,32.0,0.1,0.0,1.0,1.0,1.0,0.5,0.5,0.0,1.0,20000.0,128.0,2000.0,epochs,0.0,40,,done,,0.0,30,
agnews_roberta_ffa_lora_a0.1_s4_epochs_998f55ffbb,agnews,roberta,ffa_lora,0.1,4,10.0,30,1.0,32.0,2.0,5e-05,0.01,adamw,1.0,8.0,32.0,0.1,0.0,1.0,1.0,1.0,0.5,0.5,0.0,1.0,20000.0,128.0,2000.0,epochs,0.0,40,,done,,0.0,30,
agnews_roberta_local_only_a0.1_s0_epochs_fda0f071a7,agnews,roberta,local_only,0.1,0,10.0,30,1.0,32.0,2.0,5e-05,0.01,adamw,1.0,8.0,32.0,0.1,0.0,1.0,1.0,1.0,0.5,0.5,0.0,1.0,20000.0,128.0,2000.0,epochs,0.0,40,,done,,0.0,30,
agnews_roberta_local_only_a0.1_s1_epochs_ad253fb2b4,agnews,roberta,local_only,0.1,1,10.0,30,1.0,32.0,2.0,5e-05,0.01,adamw,1.0,8.0,32.0,0.1,0.0,1.0,1.0,1.0,0.5,0.5,0.0,1.0,20000.0,128.0,2000.0,epochs,0.0,40,,done,,0.0,30,
agnews_roberta_local_only_a0.1_s2_epochs_50bcbd819a,agnews,roberta,local_only,0.1,2,10.0,30,1.0,32.0,2.0,5e-05,0.01,adamw,1.0,8.0,32.0,0.1,0.0,1.0,1.0,1.0,0.5,0.5,0.0,1.0,20000.0,128.0,2000.0,epochs,0.0,40,,done,,0.0,30,
agnews_roberta_local_only_a0.1_s3_epochs_157bda79d1,agnews,roberta,local_only,0.1,3,10.0,30,1.0,32.0,2.0,5e-05,0.01,adamw,1.0,8.0,32.0,0.1,0.0,1.0,1.0,1.0,0.5,0.5,0.0,1.0,20000.0,128.0,2000.0,epochs,0.0,40,,done,,0.0,30,
agnews_roberta_local_only_a0.1_s4_epochs_47d85f7e6c,agnews,roberta,local_only,0.1,4,10.0,30,1.0,32.0,2.0,5e-05,0.01,adamw,1.0,8.0,32.0,0.1,0.0,1.0,1.0,1.0,0.5,0.5,0.0,1.0,20000.0,128.0,2000.0,epochs,0.0,40,,done,,0.0,30,
pubmed_pubmedbert_ditto_a0.1_s0_epochs_05fda733ab,pubmed,pubmedbert,ditto,0.1,0,10.0,30,1.0,32.0,2.0,5e-05,0.01,adamw,1.0,8.0,32.0,0.1,0.0,1.0,1.0,1.0,0.5,0.5,0.0,1.0,20000.0,128.0,2000.0,epochs,0.0,40,,done,,0.0,30,
pubmed_pubmedbert_ditto_a0.1_s1_epochs_322036ec3d,pubmed,pubmedbert,ditto,0.1,1,10.0,30,1.0,32.0,2.0,5e-05,0.01,adamw,1.0,8.0,32.0,0.1,0.0,1.0,1.0,1.0,0.5,0.5,0.0,1.0,20000.0,128.0,2000.0,epochs,0.0,40,,done,,0.0,30,
pubmed_pubmedbert_ditto_a0.1_s2_epochs_5caf438709,pubmed,pubmedbert,ditto,0.1,2,10.0,30,1.0,32.0,2.0,5e-05,0.01,adamw,1.0,8.0,32.0,0.1,0.0,1.0,1.0,1.0,0.5,0.5,0.0,1.0,20000.0,128.0,2000.0,epochs,0.0,40,,done,,0.0,30,
pubmed_pubmedbert_ditto_a0.1_s3_epochs_ae6a54a4b2,pubmed,pubmedbert,ditto,0.1,3,10.0,30,1.0,32.0,2.0,5e-05,0.01,adamw,1.0,8.0,32.0,0.1,0.0,1.0,1.0,1.0,0.5,0.5,0.0,1.0,20000.0,128.0,2000.0,epochs,0.0,40,,done,,0.0,30,
pubmed_pubmedbert_ditto_a0.1_s4_epochs_047a4c0e34,pubmed,pubmedbert,ditto,0.1,4,10.0,30,1.0,32.0,2.0,5e-05,0.01,adamw,1.0,8.0,32.0,0.1,0.0,1.0,1.0,1.0,0.5,0.5,0.0,1.0,20000.0,128.0,2000.0,epochs,0.0,40,,done,,0.0,30,
pubmed_pubmedbert_fedprox_a0.1_s0_epochs_afc78f2127,pubmed,pubmedbert,fedprox,0.1,0,10.0,30,1.0,32.0,2.0,5e-05,0.01,adamw,1.0,8.0,32.0,0.1,0.01,1.0,1.0,1.0,0.5,0.5,0.0,1.0,20000.0,128.0,2000.0,epochs,0.0,40,,done,,0.0,30,
pubmed_pubmedbert_fedprox_a0.1_s1_epochs_f86cd23f6f,pubmed,pubmedbert,fedprox,0.1,1,10.0,30,1.0,32.0,2.0,5e-05,0.01,adamw,1.0,8.0,32.0,0.1,0.01,1.0,1.0,1.0,0.5,0.5,0.0,1.0,20000.0,128.0,2000.0,epochs,0.0,40,,done,,0.0,30,
pubmed_pubmedbert_fedprox_a0.1_s2_epochs_c179b747f0,pubmed,pubmedbert,fedprox,0.1,2,10.0,30,1.0,32.0,2.0,5e-05,0.01,adamw,1.0,8.0,32.0,0.1,0.01,1.0,1.0,1.0,0.5,0.5,0.0,1.0,20000.0,128.0,2000.0,epochs,0.0,40,,done,,0.0,30,
pubmed_pubmedbert_fedprox_a0.1_s3_epochs_f36cdf525c,pubmed,pubmedbert,fedprox,0.1,3,10.0,30,1.0,32.0,2.0,5e-05,0.01,adamw,1.0,8.0,32.0,0.1,0.01,1.0,1.0,1.0,0.5,0.5,0.0,1.0,20000.0,128.0,2000.0,epochs,0.0,40,,done,,0.0,30,
pubmed_pubmedbert_fedprox_a0.1_s4_epochs_777d74deec,pubmed,pubmedbert,fedprox,0.1,4,10.0,30,1.0,32.0,2.0,5e-05,0.01,adamw,1.0,8.0,32.0,0.1,0.01,1.0,1.0,1.0,0.5,0.5,0.0,1.0,20000.0,128.0,2000.0,epochs,0.0,40,,done,,0.0,30,
pubmed_pubmedbert_ffa_lora_a0.1_s0_epochs_b28ee8a360,pubmed,pubmedbert,ffa_lora,0.1,0,10.0,30,1.0,32.0,2.0,5e-05,0.01,adamw,1.0,8.0,32.0,0.1,0.0,1.0,1.0,1.0,0.5,0.5,0.0,1.0,20000.0,128.0,2000.0,epochs,0.0,40,,done,,0.0,30,
pubmed_pubmedbert_ffa_lora_a0.1_s1_epochs_8327907cb3,pubmed,pubmedbert,ffa_lora,0.1,1,10.0,30,1.0,32.0,2.0,5e-05,0.01,adamw,1.0,8.0,32.0,0.1,0.0,1.0,1.0,1.0,0.5,0.5,0.0,1.0,20000.0,128.0,2000.0,epochs,0.0,40,,done,,0.0,30,
pubmed_pubmedbert_ffa_lora_a0.1_s2_epochs_d90de63386,pubmed,pubmedbert,ffa_lora,0.1,2,10.0,30,1.0,32.0,2.0,5e-05,0.01,adamw,1.0,8.0,32.0,0.1,0.0,1.0,1.0,1.0,0.5,0.5,0.0,1.0,20000.0,128.0,2000.0,epochs,0.0,40,,done,,0.0,30,
pubmed_pubmedbert_ffa_lora_a0.1_s3_epochs_5b1cd8dae1,pubmed,pubmedbert,ffa_lora,0.1,3,10.0,30,1.0,32.0,2.0,5e-05,0.01,adamw,1.0,8.0,32.0,0.1,0.0,1.0,1.0,1.0,0.5,0.5,0.0,1.0,20000.0,128.0,2000.0,epochs,0.0,40,,done,,0.0,30,
pubmed_pubmedbert_ffa_lora_a0.1_s4_epochs_84713361a0,pubmed,pubmedbert,ffa_lora,0.1,4,10.0,30,1.0,32.0,2.0,5e-05,0.01,adamw,1.0,8.0,32.0,0.1,0.0,1.0,1.0,1.0,0.5,0.5,0.0,1.0,20000.0,128.0,2000.0,epochs,0.0,40,,done,,0.0,30,
pubmed_pubmedbert_local_only_a0.1_s0_epochs_71cd70e7a9,pubmed,pubmedbert,local_only,0.1,0,10.0,30,1.0,32.0,2.0,5e-05,0.01,adamw,1.0,8.0,32.0,0.1,0.0,1.0,1.0,1.0,0.5,0.5,0.0,1.0,20000.0,128.0,2000.0,epochs,0.0,40,,done,,0.0,30,
pubmed_pubmedbert_local_only_a0.1_s1_epochs_b03ca215f4,pubmed,pubmedbert,local_only,0.1,1,10.0,30,1.0,32.0,2.0,5e-05,0.01,adamw,1.0,8.0,32.0,0.1,0.0,1.0,1.0,1.0,0.5,0.5,0.0,1.0,20000.0,128.0,2000.0,epochs,0.0,40,,done,,0.0,30,
pubmed_pubmedbert_local_only_a0.1_s2_epochs_152a0ebea7,pubmed,pubmedbert,local_only,0.1,2,10.0,30,1.0,32.0,2.0,5e-05,0.01,adamw,1.0,8.0,32.0,0.1,0.0,1.0,1.0,1.0,0.5,0.5,0.0,1.0,20000.0,128.0,2000.0,epochs,0.0,40,,done,,0.0,30,
pubmed_pubmedbert_local_only_a0.1_s3_epochs_0943df6999,pubmed,pubmedbert,local_only,0.1,3,10.0,30,1.0,32.0,2.0,5e-05,0.01,adamw,1.0,8.0,32.0,0.1,0.0,1.0,1.0,1.0,0.5,0.5,0.0,1.0,20000.0,128.0,2000.0,epochs,0.0,40,,done,,0.0,30,
pubmed_pubmedbert_local_only_a0.1_s4_epochs_8b498b3561,pubmed,pubmedbert,local_only,0.1,4,10.0,30,1.0,32.0,2.0,5e-05,0.01,adamw,1.0,8.0,32.0,0.1,0.0,1.0,1.0,1.0,0.5,0.5,0.0,1.0,20000.0,128.0,2000.0,epochs,0.0,40,,done,,0.0,30,
sent140_bertweet_ditto_a0.1_s0_epochs_772e5e272a,sent140,bertweet,ditto,0.1,0,10.0,30,1.0,32.0,2.0,5e-05,0.01,adamw,1.0,8.0,32.0,0.1,0.0,1.0,1.0,1.0,0.5,0.5,0.0,1.0,20000.0,128.0,2000.0,epochs,0.0,40,,done,,0.0,30,
sent140_bertweet_ditto_a0.1_s1_epochs_6ab5334431,sent140,bertweet,ditto,0.1,1,10.0,30,1.0,32.0,2.0,5e-05,0.01,adamw,1.0,8.0,32.0,0.1,0.0,1.0,1.0,1.0,0.5,0.5,0.0,1.0,20000.0,128.0,2000.0,epochs,0.0,40,,done,,0.0,30,
sent140_bertweet_ditto_a0.1_s2_epochs_fc4da7784d,sent140,bertweet,ditto,0.1,2,10.0,30,1.0,32.0,2.0,5e-05,0.01,adamw,1.0,8.0,32.0,0.1,0.0,1.0,1.0,1.0,0.5,0.5,0.0,1.0,20000.0,128.0,2000.0,epochs,0.0,40,,done,,0.0,30,
sent140_bertweet_ditto_a0.1_s3_epochs_4bc43008a8,sent140,bertweet,ditto,0.1,3,10.0,30,1.0,32.0,2.0,5e-05,0.01,adamw,1.0,8.0,32.0,0.1,0.0,1.0,1.0,1.0,0.5,0.5,0.0,1.0,20000.0,128.0,2000.0,epochs,0.0,40,,done,,0.0,30,
sent140_bertweet_ditto_a0.1_s4_epochs_f05dc421e7,sent140,bertweet,ditto,0.1,4,10.0,30,1.0,32.0,2.0,5e-05,0.01,adamw,1.0,8.0,32.0,0.1,0.0,1.0,1.0,1.0,0.5,0.5,0.0,1.0,20000.0,128.0,2000.0,epochs,0.0,40,,done,,0.0,30,
sent140_bertweet_fedprox_a0.1_s0_epochs_ff051104da,sent140,bertweet,fedprox,0.1,0,10.0,30,1.0,32.0,2.0,5e-05,0.01,adamw,1.0,8.0,32.0,0.1,0.01,1.0,1.0,1.0,0.5,0.5,0.0,1.0,20000.0,128.0,2000.0,epochs,0.0,40,,done,,0.0,30,
sent140_bertweet_fedprox_a0.1_s1_epochs_b6284583e8,sent140,bertweet,fedprox,0.1,1,10.0,30,1.0,32.0,2.0,5e-05,0.01,adamw,1.0,8.0,32.0,0.1,0.01,1.0,1.0,1.0,0.5,0.5,0.0,1.0,20000.0,128.0,2000.0,epochs,0.0,40,,done,,0.0,30,
sent140_bertweet_fedprox_a0.1_s2_epochs_9d15022afd,sent140,bertweet,fedprox,0.1,2,10.0,30,1.0,32.0,2.0,5e-05,0.01,adamw,1.0,8.0,32.0,0.1,0.01,1.0,1.0,1.0,0.5,0.5,0.0,1.0,20000.0,128.0,2000.0,epochs,0.0,40,,done,,0.0,30,
sent140_bertweet_fedprox_a0.1_s3_epochs_74cee4d999,sent140,bertweet,fedprox,0.1,3,10.0,30,1.0,32.0,2.0,5e-05,0.01,adamw,1.0,8.0,32.0,0.1,0.01,1.0,1.0,1.0,0.5,0.5,0.0,1.0,20000.0,128.0,2000.0,epochs,0.0,40,,done,,0.0,30,
sent140_bertweet_fedprox_a0.1_s4_epochs_7ff966eca9,sent140,bertweet,fedprox,0.1,4,10.0,30,1.0,32.0,2.0,5e-05,0.01,adamw,1.0,8.0,32.0,0.1,0.01,1.0,1.0,1.0,0.5,0.5,0.0,1.0,20000.0,128.0,2000.0,epochs,0.0,40,,done,,0.0,30,
sent140_bertweet_ffa_lora_a0.1_s0_epochs_50edbb0b3a,sent140,bertweet,ffa_lora,0.1,0,10.0,30,1.0,32.0,2.0,5e-05,0.01,adamw,1.0,8.0,32.0,0.1,0.0,1.0,1.0,1.0,0.5,0.5,0.0,1.0,20000.0,128.0,2000.0,epochs,0.0,40,,done,,0.0,30,
sent140_bertweet_ffa_lora_a0.1_s1_epochs_98c19c21e0,sent140,bertweet,ffa_lora,0.1,1,10.0,30,1.0,32.0,2.0,5e-05,0.01,adamw,1.0,8.0,32.0,0.1,0.0,1.0,1.0,1.0,0.5,0.5,0.0,1.0,20000.0,128.0,2000.0,epochs,0.0,40,,done,,0.0,30,
sent140_bertweet_ffa_lora_a0.1_s2_epochs_85c0dc94df,sent140,bertweet,ffa_lora,0.1,2,10.0,30,1.0,32.0,2.0,5e-05,0.01,adamw,1.0,8.0,32.0,0.1,0.0,1.0,1.0,1.0,0.5,0.5,0.0,1.0,20000.0,128.0,2000.0,epochs,0.0,40,,done,,0.0,30,
sent140_bertweet_ffa_lora_a0.1_s3_epochs_b2aa35faee,sent140,bertweet,ffa_lora,0.1,3,10.0,30,1.0,32.0,2.0,5e-05,0.01,adamw,1.0,8.0,32.0,0.1,0.0,1.0,1.0,1.0,0.5,0.5,0.0,1.0,20000.0,128.0,2000.0,epochs,0.0,40,,done,,0.0,30,
sent140_bertweet_ffa_lora_a0.1_s4_epochs_3845b345ef,sent140,bertweet,ffa_lora,0.1,4,10.0,30,1.0,32.0,2.0,5e-05,0.01,adamw,1.0,8.0,32.0,0.1,0.0,1.0,1.0,1.0,0.5,0.5,0.0,1.0,20000.0,128.0,2000.0,epochs,0.0,40,,done,,0.0,30,
sent140_bertweet_local_only_a0.1_s0_epochs_34f6c1e8ca,sent140,bertweet,local_only,0.1,0,10.0,30,1.0,32.0,2.0,5e-05,0.01,adamw,1.0,8.0,32.0,0.1,0.0,1.0,1.0,1.0,0.5,0.5,0.0,1.0,20000.0,128.0,2000.0,epochs,0.0,40,,done,,0.0,30,
sent140_bertweet_local_only_a0.1_s1_epochs_8e623c0b6f,sent140,bertweet,local_only,0.1,1,10.0,30,1.0,32.0,2.0,5e-05,0.01,adamw,1.0,8.0,32.0,0.1,0.0,1.0,1.0,1.0,0.5,0.5,0.0,1.0,20000.0,128.0,2000.0,epochs,0.0,40,,done,,0.0,30,
sent140_bertweet_local_only_a0.1_s2_epochs_b2af82cc60,sent140,bertweet,local_only,0.1,2,10.0,30,1.0,32.0,2.0,5e-05,0.01,adamw,1.0,8.0,32.0,0.1,0.0,1.0,1.0,1.0,0.5,0.5,0.0,1.0,20000.0,128.0,2000.0,epochs,0.0,40,,done,,0.0,30,
sent140_bertweet_local_only_a0.1_s3_epochs_6f7ec3ae6a,sent140,bertweet,local_only,0.1,3,10.0,30,1.0,32.0,2.0,5e-05,0.01,adamw,1.0,8.0,32.0,0.1,0.0,1.0,1.0,1.0,0.5,0.5,0.0,1.0,20000.0,128.0,2000.0,epochs,0.0,40,,done,,0.0,30,
sent140_bertweet_local_only_a0.1_s4_epochs_fea793e90e,sent140,bertweet,local_only,0.1,4,10.0,30,1.0,32.0,2.0,5e-05,0.01,adamw,1.0,8.0,32.0,0.1,0.0,1.0,1.0,1.0,0.5,0.5,0.0,1.0,20000.0,128.0,2000.0,epochs,0.0,40,,done,,0.0,30,
agnews_roberta_ours_a_a0.1_s0_epochs_1bf3943cf1,agnews,roberta,ours_a,0.1,0,10.0,30,1.0,32.0,2.0,5e-05,0.01,adamw,1.0,8.0,32.0,0.1,0.0,1.0,1.0,1.0,0.5,0.5,0.0,1.0,20000.0,128.0,2000.0,epochs,0.0,50,,cancelled,,0.0,0,
agnews_roberta_ours_a_a0.1_s1_epochs_78fcd75109,agnews,roberta,ours_a,0.1,1,10.0,30,1.0,32.0,2.0,5e-05,0.01,adamw,1.0,8.0,32.0,0.1,0.0,1.0,1.0,1.0,0.5,0.5,0.0,1.0,20000.0,128.0,2000.0,epochs,0.0,50,,cancelled,,0.0,0,
agnews_roberta_ours_a_a0.1_s2_epochs_bad320862d,agnews,roberta,ours_a,0.1,2,10.0,30,1.0,32.0,2.0,5e-05,0.01,adamw,1.0,8.0,32.0,0.1,0.0,1.0,1.0,1.0,0.5,0.5,0.0,1.0,20000.0,128.0,2000.0,epochs,0.0,50,,cancelled,,0.0,0,
agnews_roberta_ours_a_a0.1_s3_epochs_7390a95ba9,agnews,roberta,ours_a,0.1,3,10.0,30,1.0,32.0,2.0,5e-05,0.01,adamw,1.0,8.0,32.0,0.1,0.0,1.0,1.0,1.0,0.5,0.5,0.0,1.0,20000.0,128.0,2000.0,epochs,0.0,50,,cancelled,,0.0,0,
agnews_roberta_ours_a_a0.1_s4_epochs_d0d2c29bd7,agnews,roberta,ours_a,0.1,4,10.0,30,1.0,32.0,2.0,5e-05,0.01,adamw,1.0,8.0,32.0,0.1,0.0,1.0,1.0,1.0,0.5,0.5,0.0,1.0,20000.0,128.0,2000.0,epochs,0.0,50,,cancelled,,0.0,0,
agnews_roberta_ours_b_a0.1_s0_epochs_e4e7686954,agnews,roberta,ours_b,0.1,0,10.0,30,1.0,32.0,2.0,5e-05,0.01,adamw,1.0,8.0,32.0,0.1,0.0,1.0,1.0,1.0,0.5,0.5,0.0,1.0,20000.0,128.0,2000.0,epochs,0.0,50,,cancelled,,0.0,0,
agnews_roberta_ours_b_a0.1_s1_epochs_e84113835b,agnews,roberta,ours_b,0.1,1,10.0,30,1.0,32.0,2.0,5e-05,0.01,adamw,1.0,8.0,32.0,0.1,0.0,1.0,1.0,1.0,0.5,0.5,0.0,1.0,20000.0,128.0,2000.0,epochs,0.0,50,,cancelled,,0.0,0,
agnews_roberta_ours_b_a0.1_s2_epochs_e5b97a0826,agnews,roberta,ours_b,0.1,2,10.0,30,1.0,32.0,2.0,5e-05,0.01,adamw,1.0,8.0,32.0,0.1,0.0,1.0,1.0,1.0,0.5,0.5,0.0,1.0,20000.0,128.0,2000.0,epochs,0.0,50,,cancelled,,0.0,0,
agnews_roberta_ours_b_a0.1_s3_epochs_896980e333,agnews,roberta,ours_b,0.1,3,10.0,30,1.0,32.0,2.0,5e-05,0.01,adamw,1.0,8.0,32.0,0.1,0.0,1.0,1.0,1.0,0.5,0.5,0.0,1.0,20000.0,128.0,2000.0,epochs,0.0,50,,cancelled,,0.0,0,
agnews_roberta_ours_b_a0.1_s4_epochs_92eb57bc59,agnews,roberta,ours_b,0.1,4,10.0,30,1.0,32.0,2.0,5e-05,0.01,adamw,1.0,8.0,32.0,0.1,0.0,1.0,1.0,1.0,0.5,0.5,0.0,1.0,20000.0,128.0,2000.0,epochs,0.0,50,,cancelled,,0.0,0,
agnews_roberta_ours_c_a0.1_s0_epochs_24d55a688d,agnews,roberta,ours_c,0.1,0,10.0,30,1.0,32.0,2.0,5e-05,0.01,adamw,1.0,8.0,32.0,0.1,0.0,1.0,1.0,1.0,0.5,0.5,5.0,1.0,20000.0,128.0,2000.0,epochs,0.0,50,,cancelled,,0.0,0,
agnews_roberta_ours_c_a0.1_s1_epochs_3f061cfd7c,agnews,roberta,ours_c,0.1,1,10.0,30,1.0,32.0,2.0,5e-05,0.01,adamw,1.0,8.0,32.0,0.1,0.0,1.0,1.0,1.0,0.5,0.5,5.0,1.0,20000.0,128.0,2000.0,epochs,0.0,50,,cancelled,,0.0,0,
agnews_roberta_ours_c_a0.1_s2_epochs_2aa3ea6dab,agnews,roberta,ours_c,0.1,2,10.0,30,1.0,32.0,2.0,5e-05,0.01,adamw,1.0,8.0,32.0,0.1,0.0,1.0,1.0,1.0,0.5,0.5,5.0,1.0,20000.0,128.0,2000.0,epochs,0.0,50,,cancelled,,0.0,0,
agnews_roberta_ours_c_a0.1_s3_epochs_d8194ab0d9,agnews,roberta,ours_c,0.1,3,10.0,30,1.0,32.0,2.0,5e-05,0.01,adamw,1.0,8.0,32.0,0.1,0.0,1.0,1.0,1.0,0.5,0.5,5.0,1.0,20000.0,128.0,2000.0,epochs,0.0,50,,cancelled,,0.0,0,
agnews_roberta_ours_c_a0.1_s4_epochs_7906119b24,agnews,roberta,ours_c,0.1,4,10.0,30,1.0,32.0,2.0,5e-05,0.01,adamw,1.0,8.0,32.0,0.1,0.0,1.0,1.0,1.0,0.5,0.5,5.0,1.0,20000.0,128.0,2000.0,epochs,0.0,50,,cancelled,,0.0,0,
pubmed_pubmedbert_ours_a_a0.1_s0_epochs_2e2c7104f1,pubmed,pubmedbert,ours_a,0.1,0,10.0,30,1.0,32.0,2.0,5e-05,0.01,adamw,1.0,8.0,32.0,0.1,0.0,1.0,1.0,1.0,0.5,0.5,0.0,1.0,20000.0,128.0,2000.0,epochs,0.0,50,,cancelled,,0.0,0,
pubmed_pubmedbert_ours_a_a0.1_s1_epochs_0ca1450d40,pubmed,pubmedbert,ours_a,0.1,1,10.0,30,1.0,32.0,2.0,5e-05,0.01,adamw,1.0,8.0,32.0,0.1,0.0,1.0,1.0,1.0,0.5,0.5,0.0,1.0,20000.0,128.0,2000.0,epochs,0.0,50,,cancelled,,0.0,0,
pubmed_pubmedbert_ours_a_a0.1_s2_epochs_9a578b42ac,pubmed,pubmedbert,ours_a,0.1,2,10.0,30,1.0,32.0,2.0,5e-05,0.01,adamw,1.0,8.0,32.0,0.1,0.0,1.0,1.0,1.0,0.5,0.5,0.0,1.0,20000.0,128.0,2000.0,epochs,0.0,50,,cancelled,,0.0,0,
pubmed_pubmedbert_ours_a_a0.1_s3_epochs_4c9e7023f3,pubmed,pubmedbert,ours_a,0.1,3,10.0,30,1.0,32.0,2.0,5e-05,0.01,adamw,1.0,8.0,32.0,0.1,0.0,1.0,1.0,1.0,0.5,0.5,0.0,1.0,20000.0,128.0,2000.0,epochs,0.0,50,,cancelled,,0.0,0,
pubmed_pubmedbert_ours_a_a0.1_s4_epochs_ae251f1eaa,pubmed,pubmedbert,ours_a,0.1,4,10.0,30,1.0,32.0,2.0,5e-05,0.01,adamw,1.0,8.0,32.0,0.1,0.0,1.0,1.0,1.0,0.5,0.5,0.0,1.0,20000.0,128.0,2000.0,epochs,0.0,50,,cancelled,,0.0,0,
pubmed_pubmedbert_ours_b_a0.1_s0_epochs_88dbf2538f,pubmed,pubmedbert,ours_b,0.1,0,10.0,30,1.0,32.0,2.0,5e-05,0.01,adamw,1.0,8.0,32.0,0.1,0.0,1.0,1.0,1.0,0.5,0.5,0.0,1.0,20000.0,128.0,2000.0,epochs,0.0,50,,cancelled,,0.0,0,
pubmed_pubmedbert_ours_b_a0.1_s1_epochs_648f3ddc90,pubmed,pubmedbert,ours_b,0.1,1,10.0,30,1.0,32.0,2.0,5e-05,0.01,adamw,1.0,8.0,32.0,0.1,0.0,1.0,1.0,1.0,0.5,0.5,0.0,1.0,20000.0,128.0,2000.0,epochs,0.0,50,,cancelled,,0.0,0,
pubmed_pubmedbert_ours_b_a0.1_s2_epochs_fbe562f2c5,pubmed,pubmedbert,ours_b,0.1,2,10.0,30,1.0,32.0,2.0,5e-05,0.01,adamw,1.0,8.0,32.0,0.1,0.0,1.0,1.0,1.0,0.5,0.5,0.0,1.0,20000.0,128.0,2000.0,epochs,0.0,50,,cancelled,,0.0,0,
pubmed_pubmedbert_ours_b_a0.1_s3_epochs_75b56be17c,pubmed,pubmedbert,ours_b,0.1,3,10.0,30,1.0,32.0,2.0,5e-05,0.01,adamw,1.0,8.0,32.0,0.1,0.0,1.0,1.0,1.0,0.5,0.5,0.0,1.0,20000.0,128.0,2000.0,epochs,0.0,50,,cancelled,,0.0,0,
pubmed_pubmedbert_ours_b_a0.1_s4_epochs_06fe141ce4,pubmed,pubmedbert,ours_b,0.1,4,10.0,30,1.0,32.0,2.0,5e-05,0.01,adamw,1.0,8.0,32.0,0.1,0.0,1.0,1.0,1.0,0.5,0.5,0.0,1.0,20000.0,128.0,2000.0,epochs,0.0,50,,cancelled,,0.0,0,
pubmed_pubmedbert_ours_c_a0.1_s0_epochs_e0c4439d7f,pubmed,pubmedbert,ours_c,0.1,0,10.0,30,1.0,32.0,2.0,5e-05,0.01,adamw,1.0,8.0,32.0,0.1,0.0,1.0,1.0,1.0,0.5,0.5,5.0,1.0,20000.0,128.0,2000.0,epochs,0.0,50,,cancelled,,0.0,0,
pubmed_pubmedbert_ours_c_a0.1_s1_epochs_1a5b6b22cc,pubmed,pubmedbert,ours_c,0.1,1,10.0,30,1.0,32.0,2.0,5e-05,0.01,adamw,1.0,8.0,32.0,0.1,0.0,1.0,1.0,1.0,0.5,0.5,5.0,1.0,20000.0,128.0,2000.0,epochs,0.0,50,,cancelled,,0.0,0,
pubmed_pubmedbert_ours_c_a0.1_s2_epochs_822e146f64,pubmed,pubmedbert,ours_c,0.1,2,10.0,30,1.0,32.0,2.0,5e-05,0.01,adamw,1.0,8.0,32.0,0.1,0.0,1.0,1.0,1.0,0.5,0.5,5.0,1.0,20000.0,128.0,2000.0,epochs,0.0,50,,cancelled,,0.0,0,
pubmed_pubmedbert_ours_c_a0.1_s3_epochs_ad3dc332e3,pubmed,pubmedbert,ours_c,0.1,3,10.0,30,1.0,32.0,2.0,5e-05,0.01,adamw,1.0,8.0,32.0,0.1,0.0,1.0,1.0,1.0,0.5,0.5,5.0,1.0,20000.0,128.0,2000.0,epochs,0.0,50,,cancelled,,0.0,0,
pubmed_pubmedbert_ours_c_a0.1_s4_epochs_cda35a5926,pubmed,pubmedbert,ours_c,0.1,4,10.0,30,1.0,32.0,2.0,5e-05,0.01,adamw,1.0,8.0,32.0,0.1,0.0,1.0,1.0,1.0,0.5,0.5,5.0,1.0,20000.0,128.0,2000.0,epochs,0.0,50,,cancelled,,0.0,0,
sent140_bertweet_ours_a_a0.1_s0_epochs_737ac512ad,sent140,bertweet,ours_a,0.1,0,10.0,30,1.0,32.0,2.0,5e-05,0.01,adamw,1.0,8.0,32.0,0.1,0.0,1.0,1.0,1.0,0.5,0.5,0.0,1.0,20000.0,128.0,2000.0,epochs,0.0,50,,cancelled,,0.0,0,
sent140_bertweet_ours_a_a0.1_s1_epochs_a2d927b6c6,sent140,bertweet,ours_a,0.1,1,10.0,30,1.0,32.0,2.0,5e-05,0.01,adamw,1.0,8.0,32.0,0.1,0.0,1.0,1.0,1.0,0.5,0.5,0.0,1.0,20000.0,128.0,2000.0,epochs,0.0,50,,cancelled,,0.0,0,
sent140_bertweet_ours_a_a0.1_s2_epochs_c229eb7d73,sent140,bertweet,ours_a,0.1,2,10.0,30,1.0,32.0,2.0,5e-05,0.01,adamw,1.0,8.0,32.0,0.1,0.0,1.0,1.0,1.0,0.5,0.5,0.0,1.0,20000.0,128.0,2000.0,epochs,0.0,50,,cancelled,,0.0,0,
sent140_bertweet_ours_a_a0.1_s3_epochs_f31ed62cbc,sent140,bertweet,ours_a,0.1,3,10.0,30,1.0,32.0,2.0,5e-05,0.01,adamw,1.0,8.0,32.0,0.1,0.0,1.0,1.0,1.0,0.5,0.5,0.0,1.0,20000.0,128.0,2000.0,epochs,0.0,50,,cancelled,,0.0,0,
sent140_bertweet_ours_a_a0.1_s4_epochs_4525e8aea6,sent140,bertweet,ours_a,0.1,4,10.0,30,1.0,32.0,2.0,5e-05,0.01,adamw,1.0,8.0,32.0,0.1,0.0,1.0,1.0,1.0,0.5,0.5,0.0,1.0,20000.0,128.0,2000.0,epochs,0.0,50,,cancelled,,0.0,0,
sent140_bertweet_ours_b_a0.1_s0_epochs_65b54da868,sent140,bertweet,ours_b,0.1,0,10.0,30,1.0,32.0,2.0,5e-05,0.01,adamw,1.0,8.0,32.0,0.1,0.0,1.0,1.0,1.0,0.5,0.5,0.0,1.0,20000.0,128.0,2000.0,epochs,0.0,50,,cancelled,,0.0,0,
sent140_bertweet_ours_b_a0.1_s1_epochs_ad7ac6de73,sent140,bertweet,ours_b,0.1,1,10.0,30,1.0,32.0,2.0,5e-05,0.01,adamw,1.0,8.0,32.0,0.1,0.0,1.0,1.0,1.0,0.5,0.5,0.0,1.0,20000.0,128.0,2000.0,epochs,0.0,50,,cancelled,,0.0,0,
sent140_bertweet_ours_b_a0.1_s2_epochs_42284b6644,sent140,bertweet,ours_b,0.1,2,10.0,30,1.0,32.0,2.0,5e-05,0.01,adamw,1.0,8.0,32.0,0.1,0.0,1.0,1.0,1.0,0.5,0.5,0.0,1.0,20000.0,128.0,2000.0,epochs,0.0,50,,cancelled,,0.0,0,
sent140_bertweet_ours_b_a0.1_s3_epochs_53f4f8f017,sent140,bertweet,ours_b,0.1,3,10.0,30,1.0,32.0,2.0,5e-05,0.01,adamw,1.0,8.0,32.0,0.1,0.0,1.0,1.0,1.0,0.5,0.5,0.0,1.0,20000.0,128.0,2000.0,epochs,0.0,50,,cancelled,,0.0,0,
sent140_bertweet_ours_b_a0.1_s4_epochs_db1fc4b619,sent140,bertweet,ours_b,0.1,4,10.0,30,1.0,32.0,2.0,5e-05,0.01,adamw,1.0,8.0,32.0,0.1,0.0,1.0,1.0,1.0,0.5,0.5,0.0,1.0,20000.0,128.0,2000.0,epochs,0.0,50,,cancelled,,0.0,0,
sent140_bertweet_ours_c_a0.1_s0_epochs_89c443a2ee,sent140,bertweet,ours_c,0.1,0,10.0,30,1.0,32.0,2.0,5e-05,0.01,adamw,1.0,8.0,32.0,0.1,0.0,1.0,1.0,1.0,0.5,0.5,5.0,1.0,20000.0,128.0,2000.0,epochs,0.0,50,,cancelled,,0.0,0,
sent140_bertweet_ours_c_a0.1_s1_epochs_eaef94dac4,sent140,bertweet,ours_c,0.1,1,10.0,30,1.0,32.0,2.0,5e-05,0.01,adamw,1.0,8.0,32.0,0.1,0.0,1.0,1.0,1.0,0.5,0.5,5.0,1.0,20000.0,128.0,2000.0,epochs,0.0,50,,cancelled,,0.0,0,
sent140_bertweet_ours_c_a0.1_s2_epochs_be86bfabf2,sent140,bertweet,ours_c,0.1,2,10.0,30,1.0,32.0,2.0,5e-05,0.01,adamw,1.0,8.0,32.0,0.1,0.0,1.0,1.0,1.0,0.5,0.5,5.0,1.0,20000.0,128.0,2000.0,epochs,0.0,50,,cancelled,,0.0,0,
sent140_bertweet_ours_c_a0.1_s3_epochs_80ae584b4c,sent140,bertweet,ours_c,0.1,3,10.0,30,1.0,32.0,2.0,5e-05,0.01,adamw,1.0,8.0,32.0,0.1,0.0,1.0,1.0,1.0,0.5,0.5,5.0,1.0,20000.0,128.0,2000.0,epochs,0.0,50,,cancelled,,0.0,0,
sent140_bertweet_ours_c_a0.1_s4_epochs_d2b17008be,sent140,bertweet,ours_c,0.1,4,10.0,30,1.0,32.0,2.0,5e-05,0.01,adamw,1.0,8.0,32.0,0.1,0.0,1.0,1.0,1.0,0.5,0.5,5.0,1.0,20000.0,128.0,2000.0,epochs,0.0,50,,cancelled,,0.0,0,
agnews_roberta_ditto_a0.1_s5_epochs_384f7eedfb,agnews,roberta,ditto,0.1,5,10.0,30,1.0,32.0,2.0,5e-05,0.01,adamw,1.0,8.0,32.0,0.1,0.0,1.0,1.0,1.0,0.5,0.5,0.0,1.0,20000.0,128.0,2000.0,epochs,0.0,60,,cancelled,,0.0,0,
agnews_roberta_ditto_a0.1_s6_epochs_9e2b28124a,agnews,roberta,ditto,0.1,6,10.0,30,1.0,32.0,2.0,5e-05,0.01,adamw,1.0,8.0,32.0,0.1,0.0,1.0,1.0,1.0,0.5,0.5,0.0,1.0,20000.0,128.0,2000.0,epochs,0.0,60,,cancelled,,0.0,0,
agnews_roberta_ditto_a0.1_s7_epochs_805dbf02ea,agnews,roberta,ditto,0.1,7,10.0,30,1.0,32.0,2.0,5e-05,0.01,adamw,1.0,8.0,32.0,0.1,0.0,1.0,1.0,1.0,0.5,0.5,0.0,1.0,20000.0,128.0,2000.0,epochs,0.0,60,,cancelled,,0.0,0,
agnews_roberta_ditto_a0.1_s8_epochs_5857b969f5,agnews,roberta,ditto,0.1,8,10.0,30,1.0,32.0,2.0,5e-05,0.01,adamw,1.0,8.0,32.0,0.1,0.0,1.0,1.0,1.0,0.5,0.5,0.0,1.0,20000.0,128.0,2000.0,epochs,0.0,60,,cancelled,,0.0,0,
agnews_roberta_ditto_a0.1_s9_epochs_19c3721d95,agnews,roberta,ditto,0.1,9,10.0,30,1.0,32.0,2.0,5e-05,0.01,adamw,1.0,8.0,32.0,0.1,0.0,1.0,1.0,1.0,0.5,0.5,0.0,1.0,20000.0,128.0,2000.0,epochs,0.0,60,,cancelled,,0.0,0,
agnews_roberta_ours_a_a0.1_s5_epochs_8993267ec8,agnews,roberta,ours_a,0.1,5,10.0,30,1.0,32.0,2.0,5e-05,0.01,adamw,1.0,8.0,32.0,0.1,0.0,1.0,1.0,1.0,0.5,0.5,0.0,1.0,20000.0,128.0,2000.0,epochs,0.0,60,,cancelled,,0.0,0,
agnews_roberta_ours_a_a0.1_s6_epochs_bf152528cd,agnews,roberta,ours_a,0.1,6,10.0,30,1.0,32.0,2.0,5e-05,0.01,adamw,1.0,8.0,32.0,0.1,0.0,1.0,1.0,1.0,0.5,0.5,0.0,1.0,20000.0,128.0,2000.0,epochs,0.0,60,,cancelled,,0.0,0,
agnews_roberta_ours_a_a0.1_s7_epochs_3553fb52de,agnews,roberta,ours_a,0.1,7,10.0,30,1.0,32.0,2.0,5e-05,0.01,adamw,1.0,8.0,32.0,0.1,0.0,1.0,1.0,1.0,0.5,0.5,0.0,1.0,20000.0,128.0,2000.0,epochs,0.0,60,,cancelled,,0.0,0,
agnews_roberta_ours_a_a0.1_s8_epochs_a4aef1a723,agnews,roberta,ours_a,0.1,8,10.0,30,1.0,32.0,2.0,5e-05,0.01,adamw,1.0,8.0,32.0,0.1,0.0,1.0,1.0,1.0,0.5,0.5,0.0,1.0,20000.0,128.0,2000.0,epochs,0.0,60,,cancelled,,0.0,0,
agnews_roberta_ours_a_a0.1_s9_epochs_b85fb4f3af,agnews,roberta,ours_a,0.1,9,10.0,30,1.0,32.0,2.0,5e-05,0.01,adamw,1.0,8.0,32.0,0.1,0.0,1.0,1.0,1.0,0.5,0.5,0.0,1.0,20000.0,128.0,2000.0,epochs,0.0,60,,cancelled,,0.0,0,
pubmed_pubmedbert_ditto_a0.1_s5_epochs_1982e1932b,pubmed,pubmedbert,ditto,0.1,5,10.0,30,1.0,32.0,2.0,5e-05,0.01,adamw,1.0,8.0,32.0,0.1,0.0,1.0,1.0,1.0,0.5,0.5,0.0,1.0,20000.0,128.0,2000.0,epochs,0.0,60,,cancelled,,0.0,0,
pubmed_pubmedbert_ditto_a0.1_s6_epochs_a827443413,pubmed,pubmedbert,ditto,0.1,6,10.0,30,1.0,32.0,2.0,5e-05,0.01,adamw,1.0,8.0,32.0,0.1,0.0,1.0,1.0,1.0,0.5,0.5,0.0,1.0,20000.0,128.0,2000.0,epochs,0.0,60,,cancelled,,0.0,0,
pubmed_pubmedbert_ditto_a0.1_s7_epochs_7924f6a168,pubmed,pubmedbert,ditto,0.1,7,10.0,30,1.0,32.0,2.0,5e-05,0.01,adamw,1.0,8.0,32.0,0.1,0.0,1.0,1.0,1.0,0.5,0.5,0.0,1.0,20000.0,128.0,2000.0,epochs,0.0,60,,cancelled,,0.0,0,
pubmed_pubmedbert_ditto_a0.1_s8_epochs_3c947f7bef,pubmed,pubmedbert,ditto,0.1,8,10.0,30,1.0,32.0,2.0,5e-05,0.01,adamw,1.0,8.0,32.0,0.1,0.0,1.0,1.0,1.0,0.5,0.5,0.0,1.0,20000.0,128.0,2000.0,epochs,0.0,60,,cancelled,,0.0,0,
pubmed_pubmedbert_ditto_a0.1_s9_epochs_a60700da04,pubmed,pubmedbert,ditto,0.1,9,10.0,30,1.0,32.0,2.0,5e-05,0.01,adamw,1.0,8.0,32.0,0.1,0.0,1.0,1.0,1.0,0.5,0.5,0.0,1.0,20000.0,128.0,2000.0,epochs,0.0,60,,cancelled,,0.0,0,
pubmed_pubmedbert_ours_a_a0.1_s5_epochs_0403c925c9,pubmed,pubmedbert,ours_a,0.1,5,10.0,30,1.0,32.0,2.0,5e-05,0.01,adamw,1.0,8.0,32.0,0.1,0.0,1.0,1.0,1.0,0.5,0.5,0.0,1.0,20000.0,128.0,2000.0,epochs,0.0,60,,cancelled,,0.0,0,
pubmed_pubmedbert_ours_a_a0.1_s6_epochs_f31892a57f,pubmed,pubmedbert,ours_a,0.1,6,10.0,30,1.0,32.0,2.0,5e-05,0.01,adamw,1.0,8.0,32.0,0.1,0.0,1.0,1.0,1.0,0.5,0.5,0.0,1.0,20000.0,128.0,2000.0,epochs,0.0,60,,cancelled,,0.0,0,
pubmed_pubmedbert_ours_a_a0.1_s7_epochs_363bdf8001,pubmed,pubmedbert,ours_a,0.1,7,10.0,30,1.0,32.0,2.0,5e-05,0.01,adamw,1.0,8.0,32.0,0.1,0.0,1.0,1.0,1.0,0.5,0.5,0.0,1.0,20000.0,128.0,2000.0,epochs,0.0,60,,cancelled,,0.0,0,
pubmed_pubmedbert_ours_a_a0.1_s8_epochs_356e235ccb,pubmed,pubmedbert,ours_a,0.1,8,10.0,30,1.0,32.0,2.0,5e-05,0.01,adamw,1.0,8.0,32.0,0.1,0.0,1.0,1.0,1.0,0.5,0.5,0.0,1.0,20000.0,128.0,2000.0,epochs,0.0,60,,cancelled,,0.0,0,
pubmed_pubmedbert_ours_a_a0.1_s9_epochs_d6a1f236c5,pubmed,pubmedbert,ours_a,0.1,9,10.0,30,1.0,32.0,2.0,5e-05,0.01,adamw,1.0,8.0,32.0,0.1,0.0,1.0,1.0,1.0,0.5,0.5,0.0,1.0,20000.0,128.0,2000.0,epochs,0.0,60,,cancelled,,0.0,0,
sent140_bertweet_ditto_a0.1_s5_epochs_ac6edccec7,sent140,bertweet,ditto,0.1,5,10.0,30,1.0,32.0,2.0,5e-05,0.01,adamw,1.0,8.0,32.0,0.1,0.0,1.0,1.0,1.0,0.5,0.5,0.0,1.0,20000.0,128.0,2000.0,epochs,0.0,60,,cancelled,,0.0,0,
sent140_bertweet_ditto_a0.1_s6_epochs_ad1eaf1df6,sent140,bertweet,ditto,0.1,6,10.0,30,1.0,32.0,2.0,5e-05,0.01,adamw,1.0,8.0,32.0,0.1,0.0,1.0,1.0,1.0,0.5,0.5,0.0,1.0,20000.0,128.0,2000.0,epochs,0.0,60,,cancelled,,0.0,0,
sent140_bertweet_ditto_a0.1_s7_epochs_26c8fd1924,sent140,bertweet,ditto,0.1,7,10.0,30,1.0,32.0,2.0,5e-05,0.01,adamw,1.0,8.0,32.0,0.1,0.0,1.0,1.0,1.0,0.5,0.5,0.0,1.0,20000.0,128.0,2000.0,epochs,0.0,60,,cancelled,,0.0,0,
sent140_bertweet_ditto_a0.1_s8_epochs_eba45fbaf5,sent140,bertweet,ditto,0.1,8,10.0,30,1.0,32.0,2.0,5e-05,0.01,adamw,1.0,8.0,32.0,0.1,0.0,1.0,1.0,1.0,0.5,0.5,0.0,1.0,20000.0,128.0,2000.0,epochs,0.0,60,,cancelled,,0.0,0,
sent140_bertweet_ditto_a0.1_s9_epochs_00536bf882,sent140,bertweet,ditto,0.1,9,10.0,30,1.0,32.0,2.0,5e-05,0.01,adamw,1.0,8.0,32.0,0.1,0.0,1.0,1.0,1.0,0.5,0.5,0.0,1.0,20000.0,128.0,2000.0,epochs,0.0,60,,cancelled,,0.0,0,
sent140_bertweet_ours_a_a0.1_s5_epochs_0e6470eba3,sent140,bertweet,ours_a,0.1,5,10.0,30,1.0,32.0,2.0,5e-05,0.01,adamw,1.0,8.0,32.0,0.1,0.0,1.0,1.0,1.0,0.5,0.5,0.0,1.0,20000.0,128.0,2000.0,epochs,0.0,60,,cancelled,,0.0,0,
sent140_bertweet_ours_a_a0.1_s6_epochs_439a05a39f,sent140,bertweet,ours_a,0.1,6,10.0,30,1.0,32.0,2.0,5e-05,0.01,adamw,1.0,8.0,32.0,0.1,0.0,1.0,1.0,1.0,0.5,0.5,0.0,1.0,20000.0,128.0,2000.0,epochs,0.0,60,,cancelled,,0.0,0,
sent140_bertweet_ours_a_a0.1_s7_epochs_382952b85d,sent140,bertweet,ours_a,0.1,7,10.0,30,1.0,32.0,2.0,5e-05,0.01,adamw,1.0,8.0,32.0,0.1,0.0,1.0,1.0,1.0,0.5,0.5,0.0,1.0,20000.0,128.0,2000.0,epochs,0.0,60,,cancelled,,0.0,0,
sent140_bertweet_ours_a_a0.1_s8_epochs_5e9137c844,sent140,bertweet,ours_a,0.1,8,10.0,30,1.0,32.0,2.0,5e-05,0.01,adamw,1.0,8.0,32.0,0.1,0.0,1.0,1.0,1.0,0.5,0.5,0.0,1.0,20000.0,128.0,2000.0,epochs,0.0,60,,cancelled,,0.0,0,
sent140_bertweet_ours_a_a0.1_s9_epochs_49b465df62,sent140,bertweet,ours_a,0.1,9,10.0,30,1.0,32.0,2.0,5e-05,0.01,adamw,1.0,8.0,32.0,0.1,0.0,1.0,1.0,1.0,0.5,0.5,0.0,1.0,20000.0,128.0,2000.0,epochs,0.0,60,,cancelled,,0.0,0,
agnews_distilbert_fedavg_a0.1_s0_epochs_continuity_50fdb1402b,agnews,distilbert,fedavg,0.1,0,10.0,30,1.0,32.0,2.0,5e-05,0.01,adamw,1.0,8.0,32.0,0.1,0.0,1.0,1.0,1.0,0.5,0.5,0.0,1.0,20000.0,128.0,2000.0,epochs,0.0,70,continuity,done,,0.0,30,
agnews_distilbert_fedavg_a0.1_s1_epochs_continuity_8d12f67cee,agnews,distilbert,fedavg,0.1,1,10.0,30,1.0,32.0,2.0,5e-05,0.01,adamw,1.0,8.0,32.0,0.1,0.0,1.0,1.0,1.0,0.5,0.5,0.0,1.0,20000.0,128.0,2000.0,epochs,0.0,70,continuity,done,,0.0,30,
agnews_distilbert_fedavg_a1.0_s0_epochs_continuity_8b98ee3b71,agnews,distilbert,fedavg,1.0,0,10.0,30,1.0,32.0,2.0,5e-05,0.01,adamw,1.0,8.0,32.0,0.1,0.0,1.0,1.0,1.0,0.5,0.5,0.0,1.0,20000.0,128.0,2000.0,epochs,0.0,70,continuity,done,,0.0,30,
agnews_distilbert_fedavg_a1.0_s1_epochs_continuity_71b254c098,agnews,distilbert,fedavg,1.0,1,10.0,30,1.0,32.0,2.0,5e-05,0.01,adamw,1.0,8.0,32.0,0.1,0.0,1.0,1.0,1.0,0.5,0.5,0.0,1.0,20000.0,128.0,2000.0,epochs,0.0,70,continuity,done,,0.0,30,
agnews_distilbert_fedavgw_a0.1_s0_epochs_beta0.1_e913270354,agnews,distilbert,fedavgw,0.1,0,10.0,30,1.0,32.0,2.0,5e-05,0.01,adamw,1.0,8.0,32.0,0.1,0.0,1.0,1.0,1.0,0.1,0.5,0.0,1.0,20000.0,128.0,2000.0,epochs,0.0,70,beta0.1,done,,0.0,30,
agnews_distilbert_fedavgw_a0.1_s0_epochs_beta0.5_4db714ec68,agnews,distilbert,fedavgw,0.1,0,10.0,30,1.0,32.0,2.0,5e-05,0.01,adamw,1.0,8.0,32.0,0.1,0.0,1.0,1.0,1.0,0.5,0.5,0.0,1.0,20000.0,128.0,2000.0,epochs,0.0,70,beta0.5,done,,0.0,30,
agnews_distilbert_fedavgw_a0.1_s1_epochs_beta0.1_b1d26bb7ac,agnews,distilbert,fedavgw,0.1,1,10.0,30,1.0,32.0,2.0,5e-05,0.01,adamw,1.0,8.0,32.0,0.1,0.0,1.0,1.0,1.0,0.1,0.5,0.0,1.0,20000.0,128.0,2000.0,epochs,0.0,70,beta0.1,done,,0.0,30,
agnews_distilbert_fedavgw_a0.1_s1_epochs_beta0.5_7dd027d332,agnews,distilbert,fedavgw,0.1,1,10.0,30,1.0,32.0,2.0,5e-05,0.01,adamw,1.0,8.0,32.0,0.1,0.0,1.0,1.0,1.0,0.5,0.5,0.0,1.0,20000.0,128.0,2000.0,epochs,0.0,70,beta0.5,done,,0.0,30,
agnews_roberta_fedavg_a0.1_s0_epochs_K50_2aa149da80,agnews,roberta,fedavg,0.1,0,50.0,30,1.0,32.0,2.0,5e-05,0.01,adamw,1.0,8.0,32.0,0.1,0.0,1.0,1.0,1.0,0.5,0.5,0.0,1.0,20000.0,128.0,2000.0,epochs,0.0,70,K50,done,,0.0,30,
agnews_roberta_fedavg_a0.1_s0_epochs_fullsize_5339446125,agnews,roberta,fedavg,0.1,0,10.0,30,1.0,32.0,2.0,5e-05,0.01,adamw,1.0,8.0,32.0,0.1,0.0,1.0,1.0,1.0,0.5,0.5,0.0,1.0,120000.0,128.0,2000.0,epochs,0.0,70,fullsize,done,,0.0,30,
agnews_roberta_fedavg_a0.1_s0_epochs_rank16_f6840dc3d9,agnews,roberta,fedavg,0.1,0,10.0,30,1.0,32.0,2.0,5e-05,0.01,adamw,1.0,16.0,32.0,0.1,0.0,1.0,1.0,1.0,0.5,0.5,0.0,1.0,20000.0,128.0,2000.0,epochs,0.0,70,rank16,done,,0.0,30,
agnews_roberta_fedavg_a0.1_s0_epochs_rank4_3dc2bfed49,agnews,roberta,fedavg,0.1,0,10.0,30,1.0,32.0,2.0,5e-05,0.01,adamw,1.0,4.0,32.0,0.1,0.0,1.0,1.0,1.0,0.5,0.5,0.0,1.0,20000.0,128.0,2000.0,epochs,0.0,70,rank4,done,,0.0,30,
agnews_roberta_fedavg_a0.1_s0_steps_mstep_5286fefcd9,agnews,roberta,fedavg,0.1,0,10.0,30,1.0,32.0,2.0,5e-05,0.01,adamw,1.0,8.0,32.0,0.1,0.0,1.0,1.0,1.0,0.5,0.5,0.0,1.0,20000.0,128.0,2000.0,steps,60.0,70,mstep,done,,0.0,30,
agnews_roberta_fedavg_a0.1_s1_epochs_K50_859b525bdf,agnews,roberta,fedavg,0.1,1,50.0,30,1.0,32.0,2.0,5e-05,0.01,adamw,1.0,8.0,32.0,0.1,0.0,1.0,1.0,1.0,0.5,0.5,0.0,1.0,20000.0,128.0,2000.0,epochs,0.0,70,K50,done,,0.0,30,
agnews_roberta_fedavg_a0.1_s1_epochs_fullsize_e19fd4dd4d,agnews,roberta,fedavg,0.1,1,10.0,30,1.0,32.0,2.0,5e-05,0.01,adamw,1.0,8.0,32.0,0.1,0.0,1.0,1.0,1.0,0.5,0.5,0.0,1.0,120000.0,128.0,2000.0,epochs,0.0,70,fullsize,done,,0.0,30,
agnews_roberta_fedavg_a0.1_s1_epochs_rank16_fa446ec407,agnews,roberta,fedavg,0.1,1,10.0,30,1.0,32.0,2.0,5e-05,0.01,adamw,1.0,16.0,32.0,0.1,0.0,1.0,1.0,1.0,0.5,0.5,0.0,1.0,20000.0,128.0,2000.0,epochs,0.0,70,rank16,done,,0.0,30,
agnews_roberta_fedavg_a0.1_s1_epochs_rank4_f294c46394,agnews,roberta,fedavg,0.1,1,10.0,30,1.0,32.0,2.0,5e-05,0.01,adamw,1.0,4.0,32.0,0.1,0.0,1.0,1.0,1.0,0.5,0.5,0.0,1.0,20000.0,128.0,2000.0,epochs,0.0,70,rank4,done,,0.0,30,
agnews_roberta_fedavg_a0.1_s1_steps_mstep_97666f875d,agnews,roberta,fedavg,0.1,1,10.0,30,1.0,32.0,2.0,5e-05,0.01,adamw,1.0,8.0,32.0,0.1,0.0,1.0,1.0,1.0,0.5,0.5,0.0,1.0,20000.0,128.0,2000.0,steps,60.0,70,mstep,done,,0.0,30,
agnews_textcnn_fedavg_a0.1_s0_epochs_fullsize_f3ccc3f910,agnews,textcnn,fedavg,0.1,0,10.0,30,1.0,32.0,2.0,0.001,0.01,adamw,1.0,8.0,32.0,0.1,0.0,1.0,1.0,1.0,0.5,0.5,0.0,1.0,120000.0,128.0,2000.0,epochs,0.0,70,fullsize,done,,0.0,30,
agnews_textcnn_fedavg_a0.1_s0_steps_mstep_bb1d6f7624,agnews,textcnn,fedavg,0.1,0,10.0,30,1.0,32.0,2.0,0.001,0.01,adamw,1.0,8.0,32.0,0.1,0.0,1.0,1.0,1.0,0.5,0.5,0.0,1.0,20000.0,128.0,2000.0,steps,60.0,70,mstep,done,,0.0,30,
agnews_textcnn_fedavg_a0.1_s1_epochs_fullsize_2b7f2ded7c,agnews,textcnn,fedavg,0.1,1,10.0,30,1.0,32.0,2.0,0.001,0.01,adamw,1.0,8.0,32.0,0.1,0.0,1.0,1.0,1.0,0.5,0.5,0.0,1.0,120000.0,128.0,2000.0,epochs,0.0,70,fullsize,done,,0.0,30,
agnews_textcnn_fedavg_a0.1_s1_steps_mstep_cbbfa76bf5,agnews,textcnn,fedavg,0.1,1,10.0,30,1.0,32.0,2.0,0.001,0.01,adamw,1.0,8.0,32.0,0.1,0.0,1.0,1.0,1.0,0.5,0.5,0.0,1.0,20000.0,128.0,2000.0,steps,60.0,70,mstep,done,,0.0,30,
pubmed_pubmedbert_fedavg_a0.1_s0_steps_mstep_793a5b027e,pubmed,pubmedbert,fedavg,0.1,0,10.0,30,1.0,32.0,2.0,5e-05,0.01,adamw,1.0,8.0,32.0,0.1,0.0,1.0,1.0,1.0,0.5,0.5,0.0,1.0,20000.0,128.0,2000.0,steps,60.0,70,mstep,done,,0.0,30,
pubmed_pubmedbert_fedavg_a0.1_s1_steps_mstep_04b4633224,pubmed,pubmedbert,fedavg,0.1,1,10.0,30,1.0,32.0,2.0,5e-05,0.01,adamw,1.0,8.0,32.0,0.1,0.0,1.0,1.0,1.0,0.5,0.5,0.0,1.0,20000.0,128.0,2000.0,steps,60.0,70,mstep,done,,0.0,30,
pubmed_textcnn_fedavg_a0.1_s0_steps_mstep_5ea5320724,pubmed,textcnn,fedavg,0.1,0,10.0,30,1.0,32.0,2.0,0.001,0.01,adamw,1.0,8.0,32.0,0.1,0.0,1.0,1.0,1.0,0.5,0.5,0.0,1.0,20000.0,128.0,2000.0,steps,60.0,70,mstep,done,,0.0,30,
pubmed_textcnn_fedavg_a0.1_s1_steps_mstep_ab9425ae1f,pubmed,textcnn,fedavg,0.1,1,10.0,30,1.0,32.0,2.0,0.001,0.01,adamw,1.0,8.0,32.0,0.1,0.0,1.0,1.0,1.0,0.5,0.5,0.0,1.0,20000.0,128.0,2000.0,steps,60.0,70,mstep,done,,0.0,30,
sent140_bertweet_fedavg_a-1.0_s0_epochs_natural_ee408bc6c5,sent140,bertweet,fedavg,-1.0,0,50.0,30,1.0,32.0,2.0,5e-05,0.01,adamw,1.0,8.0,32.0,0.1,0.0,1.0,1.0,1.0,0.5,0.5,0.0,1.0,20000.0,128.0,2000.0,epochs,0.0,70,natural,done,,0.0,30,
sent140_bertweet_fedavg_a-1.0_s1_epochs_natural_1503e0bbdd,sent140,bertweet,fedavg,-1.0,1,50.0,30,1.0,32.0,2.0,5e-05,0.01,adamw,1.0,8.0,32.0,0.1,0.0,1.0,1.0,1.0,0.5,0.5,0.0,1.0,20000.0,128.0,2000.0,epochs,0.0,70,natural,done,,0.0,30,
sent140_bertweet_fedavg_a0.1_s0_steps_mstep_557bff51c9,sent140,bertweet,fedavg,0.1,0,10.0,30,1.0,32.0,2.0,5e-05,0.01,adamw,1.0,8.0,32.0,0.1,0.0,1.0,1.0,1.0,0.5,0.5,0.0,1.0,20000.0,128.0,2000.0,steps,60.0,70,mstep,done,,0.0,30,
sent140_bertweet_fedavg_a0.1_s1_steps_mstep_bda07f2ade,sent140,bertweet,fedavg,0.1,1,10.0,30,1.0,32.0,2.0,5e-05,0.01,adamw,1.0,8.0,32.0,0.1,0.0,1.0,1.0,1.0,0.5,0.5,0.0,1.0,20000.0,128.0,2000.0,steps,60.0,70,mstep,done,,0.0,30,
sent140_roberta_fedavg_a-1.0_s0_epochs_natural_9331ad67b7,sent140,roberta,fedavg,-1.0,0,50.0,30,1.0,32.0,2.0,5e-05,0.01,adamw,1.0,8.0,32.0,0.1,0.0,1.0,1.0,1.0,0.5,0.5,0.0,1.0,20000.0,128.0,2000.0,epochs,0.0,70,natural,done,,0.0,30,
sent140_roberta_fedavg_a-1.0_s1_epochs_natural_66de874476,sent140,roberta,fedavg,-1.0,1,50.0,30,1.0,32.0,2.0,5e-05,0.01,adamw,1.0,8.0,32.0,0.1,0.0,1.0,1.0,1.0,0.5,0.5,0.0,1.0,20000.0,128.0,2000.0,epochs,0.0,70,natural,done,,0.0,30,
sent140_textcnn_fedavg_a-1.0_s0_epochs_natural_fe16aa88c4,sent140,textcnn,fedavg,-1.0,0,50.0,30,1.0,32.0,2.0,0.001,0.01,adamw,1.0,8.0,32.0,0.1,0.0,1.0,1.0,1.0,0.5,0.5,0.0,1.0,20000.0,128.0,2000.0,epochs,0.0,70,natural,done,,0.0,30,
sent140_textcnn_fedavg_a-1.0_s1_epochs_natural_84fbba0ffe,sent140,textcnn,fedavg,-1.0,1,50.0,30,1.0,32.0,2.0,0.001,0.01,adamw,1.0,8.0,32.0,0.1,0.0,1.0,1.0,1.0,0.5,0.5,0.0,1.0,20000.0,128.0,2000.0,epochs,0.0,70,natural,done,,0.0,30,
sent140_textcnn_fedavg_a0.1_s0_steps_mstep_e2a3382bdf,sent140,textcnn,fedavg,0.1,0,10.0,30,1.0,32.0,2.0,0.001,0.01,adamw,1.0,8.0,32.0,0.1,0.0,1.0,1.0,1.0,0.5,0.5,0.0,1.0,20000.0,128.0,2000.0,steps,60.0,70,mstep,done,,0.0,30,
sent140_textcnn_fedavg_a0.1_s1_steps_mstep_b8c15208bf,sent140,textcnn,fedavg,0.1,1,10.0,30,1.0,32.0,2.0,0.001,0.01,adamw,1.0,8.0,32.0,0.1,0.0,1.0,1.0,1.0,0.5,0.5,0.0,1.0,20000.0,128.0,2000.0,steps,60.0,70,mstep,done,,0.0,30,
agnews_distilbert_fedavg_a0.1_s2_epochs_continuity_ec78f6ee48,agnews,distilbert,fedavg,0.1,2,,30,,,,,,,,,,,,,,,,,,,,,,,,90,continuity,done,,,30,reconstructed_from_results_20260814
agnews_distilbert_fedavg_a0.1_s3_epochs_continuity_b371867661,agnews,distilbert,fedavg,0.1,3,,30,,,,,,,,,,,,,,,,,,,,,,,,90,continuity,done,,,30,reconstructed_from_results_20260814
agnews_distilbert_fedavg_a0.1_s4_epochs_continuity_1123346f71,agnews,distilbert,fedavg,0.1,4,,30,,,,,,,,,,,,,,,,,,,,,,,,90,continuity,done,,,30,reconstructed_from_results_20260814
agnews_roberta_ditto_a0.1_s0_epochs_lam0.1_cdf5d90cfe,agnews,roberta,ditto,0.1,0,,30,,,,,,,,,,,,,,,,,,,,,,,,90,lam0.1,done,,,30,reconstructed_from_results_20260814
agnews_roberta_ditto_a0.1_s0_epochs_lam10.0_a8fea75284,agnews,roberta,ditto,0.1,0,,30,,,,,,,,,,,,,,,,,,,,,,,,90,lam10.0,done,,,30,reconstructed_from_results_20260814
agnews_roberta_ditto_a0.1_s1_epochs_lam0.1_a6350a8dcd,agnews,roberta,ditto,0.1,1,,30,,,,,,,,,,,,,,,,,,,,,,,,90,lam0.1,done,,,30,reconstructed_from_results_20260814
agnews_roberta_ditto_a0.1_s1_epochs_lam10.0_a3691165f0,agnews,roberta,ditto,0.1,1,,30,,,,,,,,,,,,,,,,,,,,,,,,90,lam10.0,done,,,30,reconstructed_from_results_20260814
agnews_roberta_ditto_a0.1_s2_epochs_lam0.1_40ae4326fa,agnews,roberta,ditto,0.1,2,,30,,,,,,,,,,,,,,,,,,,,,,,,90,lam0.1,done,,,30,reconstructed_from_results_20260814
agnews_roberta_ditto_a0.1_s2_epochs_lam10.0_c406c6ae3c,agnews,roberta,ditto,0.1,2,,30,,,,,,,,,,,,,,,,,,,,,,,,90,lam10.0,done,,,30,reconstructed_from_results_20260814
agnews_roberta_ditto_a0.1_s3_epochs_lam0.1_904ed34867,agnews,roberta,ditto,0.1,3,,30,,,,,,,,,,,,,,,,,,,,,,,,90,lam0.1,done,,,30,reconstructed_from_results_20260814
agnews_roberta_ditto_a0.1_s3_epochs_lam10.0_ca8919d718,agnews,roberta,ditto,0.1,3,,30,,,,,,,,,,,,,,,,,,,,,,,,90,lam10.0,done,,,30,reconstructed_from_results_20260814
agnews_roberta_ditto_a0.1_s4_epochs_lam0.1_ee1b5ba314,agnews,roberta,ditto,0.1,4,,30,,,,,,,,,,,,,,,,,,,,,,,,90,lam0.1,done,,,30,reconstructed_from_results_20260814
agnews_roberta_ditto_a0.1_s4_epochs_lam10.0_fefc6620a4,agnews,roberta,ditto,0.1,4,,30,,,,,,,,,,,,,,,,,,,,,,,,90,lam10.0,done,,,30,reconstructed_from_results_20260814
agnews_roberta_fedavg_a0.1_s2_epochs_fullsize_58f29936a6,agnews,roberta,fedavg,0.1,2,,30,,,,,,,,,,,,,,,,,,,,,,,,90,fullsize,done,,,30,reconstructed_from_results_20260814
agnews_roberta_fedavg_a0.1_s2_steps_mstep_431c242934,agnews,roberta,fedavg,0.1,2,,30,,,,,,,,,,,,,,,,,,,,,,,,90,mstep,done,,,30,reconstructed_from_results_20260814
agnews_roberta_fedavg_a0.1_s3_epochs_fullsize_585198af12,agnews,roberta,fedavg,0.1,3,,30,,,,,,,,,,,,,,,,,,,,,,,,90,fullsize,done,,,30,reconstructed_from_results_20260814
agnews_roberta_fedavg_a0.1_s3_steps_mstep_315eee99df,agnews,roberta,fedavg,0.1,3,,30,,,,,,,,,,,,,,,,,,,,,,,,90,mstep,done,,,30,reconstructed_from_results_20260814
agnews_roberta_fedavg_a0.1_s4_epochs_fullsize_467eec897d,agnews,roberta,fedavg,0.1,4,,30,,,,,,,,,,,,,,,,,,,,,,,,90,fullsize,done,,,30,reconstructed_from_results_20260814
agnews_roberta_fedavg_a0.1_s4_steps_mstep_574ac360de,agnews,roberta,fedavg,0.1,4,,30,,,,,,,,,,,,,,,,,,,,,,,,90,mstep,done,,,30,reconstructed_from_results_20260814
agnews_textcnn_fedavg_a0.1_s2_epochs_fullsize_c49b9b3fcc,agnews,textcnn,fedavg,0.1,2,,30,,,,,,,,,,,,,,,,,,,,,,,,90,fullsize,done,,,30,reconstructed_from_results_20260814
agnews_textcnn_fedavg_a0.1_s2_steps_mstep_faa22a8a9c,agnews,textcnn,fedavg,0.1,2,,30,,,,,,,,,,,,,,,,,,,,,,,,90,mstep,done,,,30,reconstructed_from_results_20260814
agnews_textcnn_fedavg_a0.1_s3_epochs_fullsize_b5e9b6cd47,agnews,textcnn,fedavg,0.1,3,,30,,,,,,,,,,,,,,,,,,,,,,,,90,fullsize,done,,,30,reconstructed_from_results_20260814
agnews_textcnn_fedavg_a0.1_s3_steps_mstep_604121d09e,agnews,textcnn,fedavg,0.1,3,,30,,,,,,,,,,,,,,,,,,,,,,,,90,mstep,done,,,30,reconstructed_from_results_20260814
agnews_textcnn_fedavg_a0.1_s4_epochs_fullsize_5f99603bc6,agnews,textcnn,fedavg,0.1,4,,30,,,,,,,,,,,,,,,,,,,,,,,,90,fullsize,done,,,30,reconstructed_from_results_20260814
agnews_textcnn_fedavg_a0.1_s4_steps_mstep_6bc30a2510,agnews,textcnn,fedavg,0.1,4,,30,,,,,,,,,,,,,,,,,,,,,,,,90,mstep,done,,,30,reconstructed_from_results_20260814
pubmed_bertweet_local_only_a0.1_s0_epochs_2a6e4f1aec,pubmed,bertweet,local_only,0.1,0,,30,,,,,,,,,,,,,,,,,,,,,,,,90,,done,,,30,reconstructed_from_results_20260814
pubmed_bertweet_local_only_a0.1_s1_epochs_0e27a4a091,pubmed,bertweet,local_only,0.1,1,,30,,,,,,,,,,,,,,,,,,,,,,,,90,,done,,,30,reconstructed_from_results_20260814
pubmed_bertweet_local_only_a0.1_s2_epochs_4ed57d1d90,pubmed,bertweet,local_only,0.1,2,,30,,,,,,,,,,,,,,,,,,,,,,,,90,,done,,,30,reconstructed_from_results_20260814
pubmed_bertweet_local_only_a0.1_s3_epochs_e615538605,pubmed,bertweet,local_only,0.1,3,,30,,,,,,,,,,,,,,,,,,,,,,,,90,,done,,,30,reconstructed_from_results_20260814
pubmed_bertweet_local_only_a0.1_s4_epochs_650d6297f6,pubmed,bertweet,local_only,0.1,4,,30,,,,,,,,,,,,,,,,,,,,,,,,90,,done,,,30,reconstructed_from_results_20260814
pubmed_pubmedbert_ditto_a0.1_s0_epochs_lam0.1_a0951a7b7d,pubmed,pubmedbert,ditto,0.1,0,,30,,,,,,,,,,,,,,,,,,,,,,,,90,lam0.1,done,,,30,reconstructed_from_results_20260814
pubmed_pubmedbert_ditto_a0.1_s0_epochs_lam10.0_505588eb65,pubmed,pubmedbert,ditto,0.1,0,,30,,,,,,,,,,,,,,,,,,,,,,,,90,lam10.0,done,,,30,reconstructed_from_results_20260814
pubmed_pubmedbert_ditto_a0.1_s1_epochs_lam0.1_afe1b9cd7b,pubmed,pubmedbert,ditto,0.1,1,,30,,,,,,,,,,,,,,,,,,,,,,,,90,lam0.1,done,,,30,reconstructed_from_results_20260814
pubmed_pubmedbert_ditto_a0.1_s1_epochs_lam10.0_f0c684c25f,pubmed,pubmedbert,ditto,0.1,1,,30,,,,,,,,,,,,,,,,,,,,,,,,90,lam10.0,done,,,30,reconstructed_from_results_20260814
pubmed_pubmedbert_ditto_a0.1_s2_epochs_lam0.1_6958ddbbb5,pubmed,pubmedbert,ditto,0.1,2,,30,,,,,,,,,,,,,,,,,,,,,,,,90,lam0.1,done,,,30,reconstructed_from_results_20260814
pubmed_pubmedbert_ditto_a0.1_s2_epochs_lam10.0_711b552c66,pubmed,pubmedbert,ditto,0.1,2,,30,,,,,,,,,,,,,,,,,,,,,,,,90,lam10.0,done,,,30,reconstructed_from_results_20260814
pubmed_pubmedbert_ditto_a0.1_s3_epochs_lam0.1_5ad5601eb9,pubmed,pubmedbert,ditto,0.1,3,,30,,,,,,,,,,,,,,,,,,,,,,,,90,lam0.1,done,,,30,reconstructed_from_results_20260814
pubmed_pubmedbert_ditto_a0.1_s3_epochs_lam10.0_2825d0b4c1,pubmed,pubmedbert,ditto,0.1,3,,30,,,,,,,,,,,,,,,,,,,,,,,,90,lam10.0,done,,,30,reconstructed_from_results_20260814
pubmed_pubmedbert_ditto_a0.1_s4_epochs_lam0.1_a360802b24,pubmed,pubmedbert,ditto,0.1,4,,30,,,,,,,,,,,,,,,,,,,,,,,,90,lam0.1,done,,,30,reconstructed_from_results_20260814
pubmed_pubmedbert_ditto_a0.1_s4_epochs_lam10.0_aaa57adbc0,pubmed,pubmedbert,ditto,0.1,4,,30,,,,,,,,,,,,,,,,,,,,,,,,90,lam10.0,done,,,30,reconstructed_from_results_20260814
pubmed_pubmedbert_fedavg_a0.1_s2_steps_mstep_6c6f640cc3,pubmed,pubmedbert,fedavg,0.1,2,,30,,,,,,,,,,,,,,,,,,,,,,,,90,mstep,done,,,30,reconstructed_from_results_20260814
pubmed_pubmedbert_fedavg_a0.1_s3_steps_mstep_89d207f12f,pubmed,pubmedbert,fedavg,0.1,3,,30,,,,,,,,,,,,,,,,,,,,,,,,90,mstep,done,,,30,reconstructed_from_results_20260814
pubmed_pubmedbert_fedavg_a0.1_s4_steps_mstep_9c62ee980e,pubmed,pubmedbert,fedavg,0.1,4,,30,,,,,,,,,,,,,,,,,,,,,,,,90,mstep,done,,,30,reconstructed_from_results_20260814
pubmed_textcnn_fedavg_a0.1_s2_steps_mstep_a01d868c23,pubmed,textcnn,fedavg,0.1,2,,30,,,,,,,,,,,,,,,,,,,,,,,,90,mstep,done,,,30,reconstructed_from_results_20260814
pubmed_textcnn_fedavg_a0.1_s3_steps_mstep_5d67c05cc7,pubmed,textcnn,fedavg,0.1,3,,30,,,,,,,,,,,,,,,,,,,,,,,,90,mstep,done,,,30,reconstructed_from_results_20260814
pubmed_textcnn_fedavg_a0.1_s4_steps_mstep_0a2a476bf8,pubmed,textcnn,fedavg,0.1,4,,30,,,,,,,,,,,,,,,,,,,,,,,,90,mstep,done,,,30,reconstructed_from_results_20260814
sent140_bertweet_ditto_a0.1_s0_epochs_lam0.1_96bc7c7e80,sent140,bertweet,ditto,0.1,0,,30,,,,,,,,,,,,,,,,,,,,,,,,90,lam0.1,done,,,30,reconstructed_from_results_20260814
sent140_bertweet_ditto_a0.1_s0_epochs_lam10.0_7f1b13aa6b,sent140,bertweet,ditto,0.1,0,,30,,,,,,,,,,,,,,,,,,,,,,,,90,lam10.0,done,,,30,reconstructed_from_results_20260814
sent140_bertweet_ditto_a0.1_s1_epochs_lam0.1_7a9224282b,sent140,bertweet,ditto,0.1,1,,30,,,,,,,,,,,,,,,,,,,,,,,,90,lam0.1,done,,,30,reconstructed_from_results_20260814
sent140_bertweet_ditto_a0.1_s1_epochs_lam10.0_d17b7905c7,sent140,bertweet,ditto,0.1,1,,30,,,,,,,,,,,,,,,,,,,,,,,,90,lam10.0,done,,,30,reconstructed_from_results_20260814
sent140_bertweet_ditto_a0.1_s2_epochs_lam0.1_d7b7581354,sent140,bertweet,ditto,0.1,2,,30,,,,,,,,,,,,,,,,,,,,,,,,90,lam0.1,done,,,30,reconstructed_from_results_20260814
sent140_bertweet_ditto_a0.1_s2_epochs_lam10.0_838ec13179,sent140,bertweet,ditto,0.1,2,,30,,,,,,,,,,,,,,,,,,,,,,,,90,lam10.0,done,,,30,reconstructed_from_results_20260814
sent140_bertweet_ditto_a0.1_s3_epochs_lam0.1_6a0329c688,sent140,bertweet,ditto,0.1,3,,30,,,,,,,,,,,,,,,,,,,,,,,,90,lam0.1,done,,,30,reconstructed_from_results_20260814
sent140_bertweet_ditto_a0.1_s3_epochs_lam10.0_ceea9f8047,sent140,bertweet,ditto,0.1,3,,30,,,,,,,,,,,,,,,,,,,,,,,,90,lam10.0,done,,,30,reconstructed_from_results_20260814
sent140_bertweet_ditto_a0.1_s4_epochs_lam0.1_9e1d4f5be3,sent140,bertweet,ditto,0.1,4,,30,,,,,,,,,,,,,,,,,,,,,,,,90,lam0.1,done,,,30,reconstructed_from_results_20260814
sent140_bertweet_ditto_a0.1_s4_epochs_lam10.0_d81757d041,sent140,bertweet,ditto,0.1,4,,30,,,,,,,,,,,,,,,,,,,,,,,,90,lam10.0,done,,,30,reconstructed_from_results_20260814
sent140_bertweet_fedavg_a0.1_s2_steps_mstep_99f380b9b9,sent140,bertweet,fedavg,0.1,2,,30,,,,,,,,,,,,,,,,,,,,,,,,90,mstep,done,,,30,reconstructed_from_results_20260814
sent140_bertweet_fedavg_a0.1_s3_steps_mstep_c20a04fc64,sent140,bertweet,fedavg,0.1,3,,30,,,,,,,,,,,,,,,,,,,,,,,,90,mstep,done,,,30,reconstructed_from_results_20260814
sent140_bertweet_fedavg_a0.1_s4_steps_mstep_9bfd713a16,sent140,bertweet,fedavg,0.1,4,,30,,,,,,,,,,,,,,,,,,,,,,,,90,mstep,done,,,30,reconstructed_from_results_20260814
sent140_pubmedbert_local_only_a0.1_s0_epochs_46fcc7e535,sent140,pubmedbert,local_only,0.1,0,,30,,,,,,,,,,,,,,,,,,,,,,,,90,,done,,,30,reconstructed_from_results_20260814
sent140_pubmedbert_local_only_a0.1_s1_epochs_7067c60772,sent140,pubmedbert,local_only,0.1,1,,30,,,,,,,,,,,,,,,,,,,,,,,,90,,done,,,30,reconstructed_from_results_20260814
sent140_pubmedbert_local_only_a0.1_s2_epochs_5f6e2554a6,sent140,pubmedbert,local_only,0.1,2,,30,,,,,,,,,,,,,,,,,,,,,,,,90,,done,,,30,reconstructed_from_results_20260814
sent140_pubmedbert_local_only_a0.1_s3_epochs_718018f05b,sent140,pubmedbert,local_only,0.1,3,,30,,,,,,,,,,,,,,,,,,,,,,,,90,,done,,,30,reconstructed_from_results_20260814
sent140_pubmedbert_local_only_a0.1_s4_epochs_4592555d09,sent140,pubmedbert,local_only,0.1,4,,30,,,,,,,,,,,,,,,,,,,,,,,,90,,done,,,30,reconstructed_from_results_20260814
sent140_textcnn_fedavg_a0.1_s2_steps_mstep_4ca5501be2,sent140,textcnn,fedavg,0.1,2,,30,,,,,,,,,,,,,,,,,,,,,,,,90,mstep,done,,,30,reconstructed_from_results_20260814
sent140_textcnn_fedavg_a0.1_s3_steps_mstep_6f8a26c516,sent140,textcnn,fedavg,0.1,3,,30,,,,,,,,,,,,,,,,,,,,,,,,90,mstep,done,,,30,reconstructed_from_results_20260814
sent140_textcnn_fedavg_a0.1_s4_steps_mstep_078b556d7d,sent140,textcnn,fedavg,0.1,4,,30,,,,,,,,,,,,,,,,,,,,,,,,90,mstep,done,,,30,reconstructed_from_results_20260814
